book_writer,book_introduce
모리미 토미히코,"      한국과 일본 독자들의 시선을 단번에 사로잡은 이색적이고 유쾌한 청춘판타지 『밤은 짧아 걸어 아가씨야』의 모리미 토미히코 신작 『유정천 가족』이 출간됐습니다. 작가가 데뷔 전부터 구상해두고 언젠가 반드시 완결시키리라 마음먹은 이 3부작 완결의 시리즈 장편은 뭐로든지 자유롭게 둔갑하는 너구리 주연에, 인간이 조연으로 등장하는 웃음과 감동이 넘치는 즐거운 가족소설입니다. 『밤은 짧아 걸어 아가씨야』가 현실에 발을 딛고 상상의 세계를 마음껏 넘나드는 이야기였다면, 『유정천 가족』은 실재하는 거리가 무대이긴 하지만 완전한 별세계를 그린, 작가의 뚝심과 여유작작함이 돋보이는 본격 판타지입니다. 그러나 그 내용을 들여다보면, 위대한 가장의 갑작스러운 죽음 뒤에 남겨진 가족들이 서로 똘똘 뭉쳐 역경을 헤쳐 나간다는 참한 줄거리를 가진, 겨울을 앞두고 살이 통통 오른 너구리처럼 푹신푹신 푸근한 소설입니다.주인공 ‘나’는 다다스 숲에 사는 너구리 명문 시모가모 가문의 삼남 ‘야사부로’입니다. ‘나’는 혈연에 연연하지 않고 싶지만 왠지 그것을 거부할 수 없는, 그래도 늘 뒹굴뒹굴 놀고만 싶은 ‘보헤미안 너구리’입니다. 위로는, 책임감은 강하지만 위기의 순간마다 허둥거리는 못난 큰형, 너무도 소극적이어서 급기야 우물 속 개구리로 둔갑해 히키코모리가 되어버린 더욱 못난 작은형, 그리고 아래로는 언제나 가족을 불안하게 만드는 심약한 동생이 있습니다. 도성 안에 명성이 뜨르르한 위대한 너구리였던 아버지가 갑작스럽게 냄비요리가 되어 저세상으로 가버리자 사형제에게 시련이 닥칩니다. 견원지간인 작은아버지 집안에서 끊임없이 이들에게 시비를 걸어오기 때문입니다. 그러다 결국 어머니와 큰형이 그들의 간계에 넘어가 냄비요리가 되기 직전의 상황에 처합니다. 못났지만 가족애만큼은 남다른 이 가족은 똘똘 뭉쳐 어머니와 형을 구해내고, 다시 아무 일 없는, 그저 편하게 궁둥이 따뜻한 게 최고인 일상으로 돌아와 오순도순 신나게 살아갑니다.너구리가 인간 행세를 하며 살아간다 해도 그럴듯할 것만 같은 고도古都 교토를 배경으로 펼쳐지는 이 이야기는 ‘거대한 전철’로, ‘어여쁜 여고생’으로, ‘삭은 대학생’으로 ‘검은 옷의 왕자’ ‘무시무시한 호랑이’로 둔갑하는 너구리의 모습을 상상하는 것만으로도 입가에 웃음이 떠나지 않고, 또한 ‘가족의 사랑’과 ‘가족의 힘’이라는 주제가 가져오는 화기애애한 분위기가 읽는 이의 마음을 시종 흐뭇하게 만듭니다. 인간과 너구리, 텐구가 느긋하고 낭만적으로 살아가는 상상 속 교토 이야기, 그들이 펼치는 종횡무진 대활극을 그린 매력 넘치는 소설 『유정천 가족』의 보도 협조를 의뢰드립니다.※‘유정천有頂天’은 불교에서 이야기하는 구천 가운데 맨 위에 있는 하늘, 유(有, Bhava=존재)의 꼭대기(頂, agra)에 있는 하늘이란 뜻이다. 풀어 설명하면 형체가 있는 세계에서 가장 높은 곳이다. 일본에서는 ‘우초텐’이라고 읽어 위와 같은 불교적인 뜻 이외에 파생된 의미로 ‘유정천’에 오른 것처럼 무엇인가에 열중하여 자기 스스로를 잊는 상태, ‘기뻐서 어쩔 줄 모르는 상태’를 가리키기도 한다.    "
앤절라 더크워스,"운, 재능, 가정환경… 성공을 결정짓는 진짜 열쇠는 무엇인가?똑같은 환경과 똑같은 스펙을 가졌어도 왜 어떤 사람은 뛰어난 성취를 이루고, 어떤 사람은 그저 그런 삶에 머무르고 마는 걸까? 훨씬 열악한 환경과 특별할 것 없는 재능에도 놀라운 성공을 일궈낸 사람들은 어떻게 그 모든 불리함을 극복하고 최고의 자리에 오를 수 있었을까? 좋은 대학과 경제력 있는 부모가 더 이상 성공을 보장해주지 않는 시대에 ‘성공의 진짜 열쇠’는 과연 무엇일까? 전 세계 언론의 주목을 받고, 버락 오바마와 빌 게이츠 등 세계적 리더들에게 극찬을 받은 심리학자 앤절라 더크워스의 화제작 《그릿 GRIT》은 실패와 역경, 슬럼프를 극복하고 뛰어난 성취를 이룬 사람들에게서 공통적으로 발견되는 ‘성공의 결정적 요인’에 대한 새로운 통찰을 제시하는 책이다. 백악관과 세계은행, 《포천》 500대 기업의 최고경영자들이 자문을 구하는 명망 높은 컨설턴트이자 ‘천재들에게 주는 상’으로 유명한 맥아더상를 수상하면서 차세대 지식인으로 떠오르고 있는 저자 앤절라 더크워스는 이 책에서 어떤 영역에서든지 뛰어난 성취를 이루는 가장 큰 요인은 지능도, 성격도, 경제적 수준도, 외모도 아닌 바로 ‘그릿’grit이었다는 점을 밝혀내고 있다. ‘불굴의 의지’, ‘투지’, ‘집념’ 등으로 번역되는 그릿은 ‘열정이 있는 끈기’ 즉, ‘실패에 좌절하지 않고 자신이 성취하고자 하는 목표를 향해 꾸준히 정진할 수 있는 능력’을 뜻한다. 연구자들 사이에서만 알려져 있던 이 개념은 2013년 그녀의 TED 강연을 통해 미 전역에 핫 키워드로 떠올랐고 버락 오바마와 연방준비제도이사회 의장 재닛 엘런의 연설에 그릿 연구결과가 인용되면서 심리학은 물론 언론, 교육, 스포츠 등 분야에 ‘그릿 열풍’을 일으켰다.    "
윤홍균,"심리학 책 아무리 읽어도 자존감 그대로인 사람에게 추천하는 책! 정신과 의사 ‘윤답장’ 선생의 자존감 셀프 코칭법자존감 전문가이자 정신과 의사인 윤홍균 원장이 2년 넘게 심혈을 기울여 쓴 책으로, 자존감이 우리 삶에 미치는 영향을 친절하게 알려주고, 자존감을 끌어올리는 실질적인 방법을 알려주는 책. 높은 자존감을 갖고 싶지만 방법을 모르는 사람, 낮은 자존감 때문에 내면의 불화와 갈등을 겪고 있는 이들이 건강한 자존감을 회복하도록 돕는다. 틈만 나면 뭔가를 배우고 열심인데 늘 결핍감에 시달리는 사람, 겸손과 배려가 넘쳐 자존감까지 떨어진 사람, 작은 말에도 쉽게 상처받는 사람, 상대의 반응이 두려워 눈치보는 사람, 사랑과 이별의 과정이 유난히 힘든 사람, 진짜 원하는 것이 뭔지 헷갈려 엉뚱한 곳에 에너지를 쏟는 사람, 감정과 싸우느라 에너지가 쉽게 고갈되는 사람, 결국 이런 모습이 싫어 자신을 사랑하지 못한 채 살아가는 사람들이 보면 크게 도움을 받을 수 있는 책이다. 다양한 칼럼과 방송을 통해 ‘윤답장’ 선생으로 유명한 저자는 “나도 뒤처지는 기분, 포기하고 싶은 마음, 중독에 빠져 희망을 놓고 싶은 충동에 사로잡히곤 했다”고 고백하며, 자신이 그랬듯 더 많은 사람들이 자존감을 회복해 건강한 삶을 살길 바라는 마음을 담아 이 책을 펴냈다.    "
조앤.K.롤링,"21세기를 대표하는 시대의 아이콘 ≪해리포터≫ 〈해리포터〉 시리즈는 선과 악의 대립 속에서 평범한 어린 소년이 한 사람의 영웅으로 성장해나간다는 보편적인 테마를 바탕으로, 빈틈없는 소설적 구성과 생생하게 살아 있는 캐릭터들, 정교한 환상 세계의 묘사를 접목시킨 21세기 최고의 걸작이다. 영국에서 1997년 처음 출간되어 2007년 전 7권으로 완간된 이 시리즈는 77개국의 언어로 번역되었으며 전 세계에서 4억 5천만 부 이상이 팔려나갔다. 책 판매만으로 3조 원을 벌어들였고 캐릭터와 영화 등 부가사업까지 합하면 파급효과는 300조 원을 넘어서는 것으로 추정된다. 이와 관련해, 《포브스》지는 J.K. 롤링을 엔터테인먼트 분야에서 미국의 오프라 윈프리에 이어 세계 갑부 여성 2위로 꼽고 있다. 국내에서는 지금으로부터 15년 전인 1999년 겨울에 1, 2권이 연달아 출간되었다. 원작이 가진 강렬한 매력과 글로벌 마케팅, 영화의 인기에 힘입어 신간이 나올 때마다 폭발적인 판매부수를 기록했다.1탄 《해리포터와 마법사의 돌》어둠의 마왕 볼드모트에게 부모를 잃고 홀로 살아남은 아이, 해리는 안전을 위해 마법사가 아닌 사람인 ‘머글’ 페투니아 이모와 버논 이모부 손에 길러지며 불우한 어린 시절을 보낸다. 열한 번째 생일날, 해그리드를 통해 자신이 마법사라는 사실을 알게 된 해리는 호그와트 마법학교에 입학해 헤르미온느 그레인저, 론 위즐리라는 친구들과 함께 영생을 주는 마법사의 돌을 찾는 엄청난 모험을 시작하게 된다.    "
데이비드 발다치,"2015 아마존 베스트 오브 베스트셀러 뉴욕타임스 베스트셀러 1위 영국 타임스 베스트셀러 1위 5만 건에 달하는 굿리즈, 아마존 독자 리뷰 전 세계 1억 1천만 부 판매, 32권의 전미 베스트셀러, “세계에서 가장 성공적인 스릴러 작가” 데이비드 발다치 신작 소설 “자살하고 싶습니다. 이게 다예요. 더는 할 말이 없네요.” 그는 모든 것을 기억한다 그러나 가족이 무참히 살해당하자, 그 능력은 저주가 된다 “더할 나위 없는 속도감, 독창적인 캐릭터, 저항할 수 없이 강렬한 이야기. 이 소설을 감히 걸작이라 부르고 싶다”_《워싱턴포스트》'거장'이라는 이름은 하루아침에 붙지 않는다. 그러나 데뷔 후 20년 동안 30권이 넘는 스릴러와 미스터리를 써내며 그 모든 작품을 베스트셀러로 만든 작가라면 이름 앞에 '거장'이라는 수식어를 붙이기에 충분하지 않을까? 전 세계 80개국 45개 언어로 출간되어 1억 1천만 부라는 어마어마한 판매고를 올린 작가, 출간 수익을 기준으로 명실공히 세계에서 가장 성공적인 범죄소설 작가, '거장' 데이비드 발다치의 신작 『모든 것을 기억하는 남자』가 북로드에서 출간되었다. 『모든 것을 기억하는 남자』는 과잉기억증후군을 앓고 있는 경찰이 가족의 죽음을 목도하고 살인자를 추적해나가는 이야기를 담은 미스터리 스릴러로, ""미국 스릴러의 걸작 탄생!""이라는 극찬을 받으며 미국과 영국, 호주에서 베스트셀러 1위를 차지했다. 과잉기억증후군이라는 독특한 소재, 그런 소재에도 잠식되지 않는 강렬하고 입체적인 주인공, 냉혹하고 교묘하기 짝이 없는 살인마와의 아슬아슬한 두뇌 싸움 덕분에 이 책은 미국 최대 서평사이트 굿리즈에 4만 건의 리뷰가 올라올 정도로 신드롬적인 인기를 누렸고, 2015년 아마존의 모든 베스트셀러 중 최고의 베스트셀러로 선정되었다. 《커커스리뷰》의 서평대로, ""독자들은 이 책을 펴는 순간 에이머스 데커의 이야기가 끝나지 않기만을 바라게 될 것이다."" 모든 것을 기억하는 남자가 기억하지 못하는 단 한 사람 완벽한 기억력이 간과한 단 하나의 사실은 무엇일까?2미터에 달하는 키에 100킬로그램이 한참 넘는 몸무게, 지저분한 행색에 무성한 수염을 하고 좁은 여관방에서 하루하루 죽지 못해 사는 남자 에이머스 데커. 한때는 그에게도 집이 있었고 직업이 있었고 사랑하는 가족이 있었다. 오랜 잠복근무를 마치고 돌아온 그날, 처참히 살해된 가족의 모습을 발견하기 전까지는. 그로부터 2년 후, 세바스찬 레오폴드라는 남자가 경찰서에 걸어 들어와 데커가 세븐일레븐에서 자신을 무시했기 때문에 그의 가족을 죽여버렸다고 자백한다. 그러나 데커는 그가 진범일 리가 없다고 생각한다. 그의 기억에 세바스찬 레오폴드라는 사람은 없고, 데커는 과잉기억증후군, 즉 모든 것을 기억하는 사람이기 때문이다. 한편, 데커가 졸업한 맨스필드 고등학교에서 총기 난사 사건이 발생해 학생 네 명과 교직원 세 명이 희생당한다. 범인은 마법처럼 사라진 가운데, 이 사건과 데커 가족의 살인사건이 연관되어 있다는 사실이 드러나면서 사건은 전혀 다른 국면을 맞게 되는데……. 이 모든 비극을 초래한, 완벽한 기억력이 간과한 단 하나의 사실은 무엇일까? 과잉기억증후군, 축복인가 저주인가? 만약 당신이 아무것도 잊지 못한다면?과잉기억증후군(hyperthymesia). 드라마 ＜리멤버 아들의 전쟁＞에서 유승호가 맡은 배역 덕분에 이 단어가 익숙한 독자들도 있을 것이다. 이 증후군을 가진 사람은 자신 주변에 일어나는 모든 일을 기억한다. 무척이나 비현실적인 이야기로 들리지만, 실제로 뇌과학 분야에서 보고되어 현재 전 세계에서 20여 명이 앓고 있는 증후군이다. 드라마에서 주인공은 이 능력을 통해 변호사가 되고, 『모든 것을 기억하는 남자』의 주인공 에이머스 데커 또한 이 능력을 이용해 형사 진급 시험을 통과하고 최고의 검거율까지 기록한다. 축복처럼 보이는 증상, 그러나 정말로 모든 것을 기억한다는 것이 축복일까? 적어도 데커에게 그 대답은 ‘아니오’다. 특히나 너무도 사랑하던 아내와 어린 딸이 처참하게 살해된 모습을 두 눈으로 직접 본 뒤로는, 그 능력은 저주가 된다. 마치 각막에 영화 스크린이 붙어 있는 것처럼 그 끔찍한 장면이 계속해서 재생되기 때문이다. 데커는 누구보다 뛰어난 형사였지만 결국 범인은 흔적조차 찾을 수 없었고, 자책감에 시달리며 괴로워하다 집과 직업을 잃고 노숙자나 다름없는 신세로 전락한다. 그러나 2년 뒤, 약에 취한 것 같은 한 남자가 경찰서로 걸어 들어와 범행을 자백하면서 모든 것은 달라진다. 영리한 데다 잔인하기 짝이 없는 범인을 잡기 위해서는 저주 같던 그 능력을 십분 발휘해야 하는 것이다. “에이머스 데커라는 독특하고 매혹적인 캐릭터. 이 인물은 데이비드 발다치가 스릴러 세계에 날린 홈런이다!”곰 같은 덩치의 전직 미식축구 선수. “무섭게 생긴 백인 남자”로 불리지만 실은 범인에게마저 공감을 느낄 정도로 섬세하고 상대의 작은 표정변화도 놓치지 않을 만큼 예민한 남자. 매일 가족의 죽음을 지금 일어나는 일처럼 생생하게 ‘보고’, 그토록 증오하는 능력을 이용해 범인을 뒤쫓는, 연민과 아이러니를 불러일으키는 남자. 과잉기억증후군이라는 독특한 설정에도 전혀 가려지지 않는 이 남자의 매력에 흠뻑 빠진 미국 독자들은 “에이머스 데커라는 인물은 데이비드 발다치가 스릴러 세계에 날린 홈런이다”, “매우 인간적이고 생생한 캐릭터. 반드시 다시 만나고 싶다”라며 애정과 지지를 표했다. 주인공 데커 외에도 『모든 것을 기억하는 남자』에는 생생하고 입체적인 인물들이 등장한다. 데커의 예전 파트너이자 그 지역 최초의 여성 형사, 깡마른 몸의 골초 랭커스터와 유능하고 친근한 FBI 특수요원 보거트, 호기심 많고 예리한 기자 재미슨, 툴툴대면서도 데커를 전폭적으로 지지해주는 밀러 서장, 그리고 끔찍하지만 공감할 수밖에 없는 범인까지, 풍성한 캐릭터들이 만들어나가는 탄탄한 이야기를 읽다 보면 ‘과연 이래서 거장’이라는 감탄이 저절로 나오게 될 것이다.    "
강원국,"      “어떻게 써야 사람의 마음을 움직이는가”대한민국 최고의 연설가, 두 대통령에게 배운다청와대에서 연설비서관으로 일했던 저자가 8년간 두 대통령에게서 직접 보고, 듣고, 배운 ‘말과 글’에 관한 최초의 책! 대우그룹 회장과 효성그룹 회장의 연설문도 작성했던 저자 강원국은 한국의 정치와 경제 분야 ‘거인’들의 연설문을 책임져 왔다. 연설문의 ‘달인’인 저자는 그간에 온몸으로 체득한 글쓰기 비법을 40가지로 정리했다. 김대중, 노무현 대통령은 총과 칼이 아닌 말과 글로 사람들의 마음을 움직였다. 지금이 ‘불통의 시대’이기 때문에 두 대통령이 발휘했던 언어의 설득‘력’에 우리는 다시 주목한다. 대부분의 글쓰기 책들이 설명과 예문으로 이루어진 반면에, <대통령의 글쓰기>는 저자가 겪은 독특하고 흥미진진한 에피소드를 읽다 보면, 자연스럽게 글쓰기 비법이 기억에 남게 된다. 대한민국을 뒤흔들었던 대통령의 무수한 문장들, 위기의 순간에 발표한 연설문에 얽힌 일화들이 주는 리얼리티는 독자들에게 웰메이드 드라마를 보는 것 같은 경험을 선사한다. 현대인은 기획안부터 SNS 글쓰기까지 수많은 글쓰기 상황에 노출되고 스트레스를 받는다. <대통령의 글쓰기>는 ‘한때 글쓰기에 젬병이었다’는 저자의 고백처럼 평범한 사람이 훈련을 통해 성장하는 과정을 보여주기도 한다. 저자가 안내하는 40가지 글쓰기 비법을 좇다보면 글의 목적, 대상, 전달하는 매체, 장소, 상황을 염두에 두고, ‘어떻게 해야 자신의 뜻을 상대에게 제대로 전달하는지’ 그리고 ‘어떻게 써야 사람의 마음을 움직이는지’ 터득할 수 있다.    "
유시민,"      유시민이 들려주는 동서고금의 국가론 ""도대체 국가란 무엇인가""이 책은 2009년 벽두에 일어난 ‘용산참사’를 계기로 저자가 오랫동안 고민해온 “도대체 국가란 무엇인가?”라는 문제를 정치인의 관점에서 되짚어보고 독자와 적극 소통하기 위해 쓴 것이다. 진보와 보수를 가르는 중요한 차이가 국가를 보는 관점에서 비롯된다는 저자의 문제의식을 따라가다 보면 더 열린 마음으로 다양한 국가론을 여러 각도에서 살펴볼 수 있으며, 지금 대한민국 국민이 원하는 국가의 모습을 이해하는 데 많은 도움을 받을 수 있을 것이다. 진보적 지식인이자 현실정치인이기도 한 저자는 지금이야말로 진보진영의 국가관을 명확히 하고 공론화해야 할 때라고 말한다. 또한 나와 다른 국가관을 가지고 있는 사람들의 생각에도 귀를 기울여야 하며 그들을 더 잘 이해하기 위해서도 국가에 관한 공부와 논의가 필요하다고 역설한다. 『국가란 무엇인가』는 이런 문제의식에서 나온 진중한 인문교양서이다. 저자는 이 책에서 동서고금의 의미 있는 국가론들을 조목조목 살펴보고 진보자유주의 진영의 국가관을 명확히 밝히는 한편, 한 발 더 나아가 ‘정의를 실행하는 국가’를 어떻게 세울 것인지를 구체적으로 논한다. 이 책에는 플라톤, 맹자, 홉스, 로크, 밀, 마르크스, 포퍼, 베버 등 동서고금의 철학자와 이론가들이 펼친 ‘국가’에 대한 다양한 견해가 일목요연하게 소개되어 있다. 진보자유주의자를 자처하는 저자이지만 시종일관 엄정한 객관성을 유지하며 역사상 의미 있는 네 가지 국가론(플라톤의 목적론적 국가론, 홉스의 국가주의 국가론, 로크와 밀의 자유주의 국가론, 마르크스의 도구적 국가론)을 차근차근 짚어준다. 그와 동시에 각 국가론의 대척점에 서 있는 사람들의 견해에 대해서도 알기 쉽게 들려준다. 그리고 오늘날 진보정치를 현실화하기 위해서는 자유주의 국가론을 토대로 목적론적 국가론을 적극 채택해야 할 필요성을 역설하며 폭넓은 진보세력의 연합정치를 제안한다.    "
설민석,"2100만 뷰 화제의 강연! 예능보다 재미있고, 다큐보다 깊이 있는 설민석의 한국사 강의 명쾌한 설명! 핵심적 콘텐츠! 더 이상 쉬울 수는 없다! 대한민국 스타강사의 한 번쯤 꼭 들어보고 싶은 인문 역사 강의 1위 MBC 무한도전, O’tvN 어쩌다 어른 등 방송 다수 출연 화제! “선왕의 기록을 단 한 번만이라도 볼 수 있다면…” 왕들조차 절대 열어 볼 수 없었던 진실의 기록누가 조선을 군주의 역사라 했던가. 아무리 절대 권력을 가진 왕이라도, 절대 접근조차 할 수 없었던 가장 내밀한 기록. 2,077책(冊)으로 이루어진 이 방대한 기록물은 세계적인 가치를 인정받아 현재 유네스코 세계기록유산으로 등재되어있다. 500여 년의 역사를 가진 조선왕조실록이 지금도 의미를 갖는 까닭은 당대의 정치, 경제, 문화 등 사회 전반에 관한 고민을 고스란히 담고 있기 때문이다. 실제로 조선왕조실록에는 그 당시 왕과 신하들의 목소리가 그대로 인용된다. 사관의 날카로운 평가도 존재한다. 따라서 실록을 읽는다는 것은 조선시대의 적나라한 민낯을 보는 것과 같다. 그리고 그 민낯은 오늘날의 대한민국과 어쩐지 많이 닮아있다. 27명 조선의 리더들을 설민석표 강연으로 풀어낸 지식 콘서트〈설민석의 조선왕조실록〉은 27명의 조선의 왕들을 한 권으로 불러 모아 핵심적인 주요 사건들을 풀어쓴 책이다. 설민석 특유의 흡입력 있는 간결함과 재치 있는 말투를 구어체 그대로 책에다 담았다. 중간에 갑자기 등장하는 질의응답 구성은 마치 바로 앞에서 강연을 듣고 있다는 느낌을 들게 한다. 또한 실록에 등장하는 왕의 목소리를 현대어로 풀어써 당시의 정책과 주요 사건들이 일어난 배경을 명확히 이해하는 데 도움이 된다. 역사시간에 단순히 외우는 데만 급급했던 사건들이 하나씩 이해되고, 뒤죽박죽 엉망으로 기억되었던 얕은 국사 지식의 파편들이 차분히 정리된다. · 성군과 폭군, 존재감 없이 무능했던 왕들을 역사는 어떻게 평가하고 있는지 · 왕좌를 둘러싼 치열했던 당파싸움의 비하인드 스토리 · 조선후기 외척 정치가 만연할 수밖에 없었던 까닭 등등 나아가, 이 책의 백미는 기존의 역사책이 가진 고리타분한 어려움을 과감히 버린데 있다. 왕이기 이전에 아들로서, 남편으로서, 아버지로서의 인간적인 삶이 낱낱이 드러난 모습들은 교과서에서는 결코 찾아볼 수 없는 남다른 재미를 선사한다. 학생부터 성인까지 모두에게, 철저하게 기획된 대중 인문교양서최근 역사에 대한 콘텐츠가 다시 쏟아져 나오는 이유도 ‘현재’에 대한 진정한 답을 구하기 위해서가 아닐까? 명칭이 왕에서 대통령으로 바뀌었을지라도 그들의 정책과 역할은 국민들의 삶에 지대한 영향을 미쳐왔다. 600여 년 전 세종은 남자 노비에게도 한 달간의 육아휴직을 주었고, 420여 년 전 선조는 전쟁이 나자 백성들을 버리고 독선기신했다. 이처럼 조선왕조실록을 읽는 가장 큰 즐거움은 '리더의 역할을 평가하는 안목'과 '미래를 바라보는 혜안'을 얻을 수 있다는 데에 있다. 〈설민석의 조선왕조실록〉은 조선사의 큰 줄기와 핵심을 알고 싶어 하는 독자들에게 안성맞춤이다. 학생부터 성인까지 모두가 읽어도 편안하게 즐길 수 있는 대중적인 인문교양 콘텐츠다. ＜책속으로 추가＞그런데 문제는 조선은 백성들이 직접 왕을 뽑을 권리가 없던 시대라는 거지요. 모든 왕의 성이 이씨인 것만을 보아도 알 수 있듯, 조선은 ‘태조 이성계의 후손들’만이 계승할 수 있었으니까요. 결국 백성들의 입장에서는 운 좋게 애민군주를 만나면 천만다행인 것이고 운 나쁘게 무능한 왕을 만나면 외척들이 판을 치는 세상에서 일생이 고달플 수밖에 없습니다. 하지만 이제 우리에게는 세종과 같은 어진 리더, 참된 일꾼을 대통령으로 뽑을 수 있는 소중한 투표권이 있습니다. 그렇다면 어떻게 사람들을 다르게 만들까요? 그건 바로 우리 모두가 사회에 대한 끊임없는 관심과 애정을 가져야 가능한 일일 겁니다. 우리 손으로 직접 세종을 선택할 수도 있고, 연산군을 선택할 수도 있는 것입니다. -‘에필로그’ 중에서    "
김제동,"잘 살고 있는 걸까? 인생이 불안할 때나만 혼자인 것 같아, 외로운 날에도나는 당신이 행복했으면 좋겠습니다, 문득문득.‘모두 내 얘기잖아?’ 서랍 속 비밀일기 같은 내밀한 이야기들『그럴 때 있으시죠?』는 김제동과 나, 우리들의 이야기다. 누구에게나 가슴 속에 못다 한 이야기, 하나쯤 있다! 뭐가 불안한지는 모르겠는데 뭔가 모르게 불안하고, 피곤해 죽을 만큼 일하는데 잘 살고 있는지 모르겠고, 가족을 사랑하긴 하는데 만나면 도망가고 싶고, 애인 혹은 친구에게 뒤통수 맞고, 하루도 쉬운 날이 없지, 사는 게 참 별일이다 싶은 그런 날들. 각기 다른 시간과 공간에서 일어나지만 서로 공감하게 되는, 우리 모두의 이야기들을 담았다.마이크로는 다 나누지 못했던 김제동과 나, 우리들의 첫번째 공감 에세이방송 데뷔 초부터 말 잘하는 연예인, 책 읽는 방송인으로 불리면서 일명 ‘김제동 어록’이 인터넷을 통해 회자되기도 했던 김제동. 탁월한 비유를 버무린 입담이 뛰어난 이야기꾼이자, 요즘엔 대한민국에서 가장 많은 사람들을 만나는 사회자로 통한다. 토크콘서트, 「톡투유-걱정 말아요, 그대」, 청춘콘서트 등등 한 달에 평균 5,000명에서 많을 때는 거의 2만 명까지 만난다. 그리고 그는 사람들에게 마이크를 건네서 객석을 아예 무대로 만든다. 사회자와 청중이 따로 있지 않고, 누구나 이야기할 수 있고 함께 웃고 울다보면, 공감이 일어나고 위로가 생겨나고 가슴이 따듯해진다. 그것은 바로 나의 이야기를 우리의 이야기로 만드는 힘에서 비롯된다. 그런 저자가 자전적 이야기부터 그를 둘러싸고 불거진 이슈까지 허심탄회하게 털어놓은 첫번째 공감 에세이를 내놨다. 이 책은 방송인 김제동이 아니라 인간 김제동의 자전적 이야기를 담은 고백서이자, 마이크를 들고 삶의 현장을 한 걸음 한 걸음 걸어 나가며 “저는 가끔 그럴 때 있는데, 여러분도 그럴 때 있으시죠?”라고 건네는 안부인사다. 또한 그것은 그가 마이크를 건네서 나누었던 사람들의 이야기, 바로 ‘김제동과 나, 우리들의 진짜 이야기’이기도 하다. ‘모두 내 얘기잖아?’ 서랍 속 비밀일기 같은 내밀한 이야기들‘상처받은 치유자’ 김제동이 건네는 따뜻한 위안과 공감이 책에는 뭐가 불안한지는 모르겠는데 뭔지 모르게 되게 불안하고, 피곤해 죽을 만큼 일하는데 잘 살고 있는지 모르겠고, 가족을 사랑하긴 하는데 만나면 도망가고 싶고, 애인 혹은 친구에게 뒤통수 맞고, 하루도 쉬운 날이 없구나 싶은, 너와 나의 진짜 이야기가 담겨 있다. 가끔씩 사는 게 뭔가 싶고, 괜히 억울하고, 나만 이런 건가 싶을 때 꺼내보는 서랍 속 비밀일기 같은 내밀한 이야기들이 책 안에 가득하다.김제동은 어린 시절의 상처와 가족사, 아직까지 생생한 이별의 고통, 그리고 노제에서 사회를 본 후 방송에서 줄줄이 하차하게 된 경험과 피사찰 고백까지 자신의 내밀한 이야기를 툭 던지며, 그동안 마음속에 담아둔 우리 이야기를 가볍게 꺼낼 수 있도록 용기를 불어넣어준다. 상처받은 내 안의 또다른 나를 불러내서 친구에게 위로를 건네듯이 악수도 청해보고, 어깨도 한번 두들겨주고, “그래, 그때 정말 많이 힘들었겠다” 하고 얘기해주자고 한다. 어떤 충고나 조언보다 훨씬 더 깊이 자신을 성찰할 수 있는 계기를 만들어주는 게 바로 공감이라고 생각하기 때문이다.김제동은 3년간 심리 상담과 공부를 했다. 그리고 정혜신 박사로부터 ‘상처받은 치유자’라는 말도 듣기도 했다. 그런 그가 사람들에게 꼭 해주고 싶은 말이 있단다. “‘당신은 늘 옳다!’ 누구도 당신만큼 당신 인생을 고민하지 않았고, 누구도 당신만큼 당신을 잘 알지 못해요. 그러니 ‘당신은 늘 옳다!’ 이 한마디, 믿으셔도 좋아요.”아프거나 외로울 때 누군가는 내 옆에 있어줄 거라는 믿음을 선물하는 책“들리지 않는 울음을 들어주는 일,주목받지 못하는 울음에 주목해주는 일,누군가의 아픔에 깊이 공감하는 것,저는 그게 삶의 품격이라고 생각합니다.”그는 “내가 아플 때 누군가는 내 옆에 있어줄 것이라는 믿음, 그거야말로 세상을 살 만하게 하는 것”이라고 믿는다. 그래서 세월호의 아픔을 함께하고, 구의역 청년을 같이 아파하고, 돌아가신 분을 잘 보내드리고 싶은 마음 하나로 노제에 참여했다. 지극히 상식적이다. 그러나 몰상식과 파렴치가 판치는 세상에 상식은 ‘좌파’로 몰리거나 ‘종북’으로 둔갑해 어느 새 ‘색깔 논쟁’에 휩싸이게 된다. 그럴 때 그는 “나는 종북이 아니라 경북이다!”라고 패기와 유머로 맞선다.몇몇 사람들은 김제동에게 개그맨, 그러니까 광대가 웃기기나 하면 되지, 쓸데없이 정치적이라고 한다. 그러나 광대는 본래 풍자와 해학으로 시대의 부정적 측면을 사람들이 알기 쉽게 풀어내는 사람들이다. 그는 이 책에서 이렇게 말한다.“강자를 조롱하는 것은 풍자이고 약자를 조롱하는 것은 폭력입니다. 조선시대 탈춤을 추며 한줌도 안 되는 지식과 힘을 가지고 거들먹대던 양반들을 웃음으로 조용히 박살냈던 광대의 말입니다. 광대의 후예로서 참 와 닿는 말입니다.”그렇다면 언제부터 정치를 얘기하는 게 금기시되었을까? 저자는 말한다. “제가 알기로는 일제강점기부터입니다. ‘학생은 공부나 해라. 장사하는 사람들은 장사나 해라. 조선인은 일이나 해라. 정치는 일본인이 알아서 하겠다.’ 군부독재 시절에는 이랬죠. ‘너희는 일이나 해라. 정치는 군인들이 하겠다.’”그렇다면 김제동은 자신의 직분에 충실한 광대 중의 광대다. 누군가 조금이라도 부당한 권위를 누리려고 하면 유머로 그것들을 강타하고, 웃으면서 풍자하기 때문이다.“저에게 사회문제는 사람이 행복해지는 방향으로 귀결되는데, 제가 사회문제를 말하면 정치적이라며 비난받을 때도 있습니다. 하지만 저는 민주공화국의 시민은 모두 정치적이어야 한다고 믿습니다. 우리 삶의 조건을 결정짓는 정치에 주권자인 우리가 관심 갖는 것은 당연한 일이 아닐까요? 제가 정치 얘기를 계속하는 이유는 한 가지예요. 함께 행복하지 않으면 의미가 없으니까요. 그게 다예요.”사람들이 웃을 때 가장 행복하다고 말하는 광대 중의 광대 김제동. 그래서 힘든 일로 웃지 못하는 사람들, 사회적인 부조리 때문에 웃을 수 없는 사람들도 웃게 하고 싶은 것, 그래서 함께 행복해지는 것, 그것이 오늘도 그가 길을 나서서 사람들에게 마이크를 건네는 이유다.    "
무라카미 하루키,"      전설의 귀환! 100컷의 일러스트와 만나는 오리지널 무라카미 라디오!『저녁 무렵에 면도하기』는 『채소의 기분, 바다표범의 키스』『샐러드를 좋아하는 사자』로 이어지는 ‘무라카미 라디오’ 시리즈의 제1작이다. 기존 번역의 오류를 바로잡고 문장을 가다듬은 것은 물론, 누락되었던 100컷의 일러스트까지 한데 실어 한국어판의 완성도를 더했다. 기구한 운명을 타고난 체중계와 브래지어에게 연민을 표하는가 하면, 아내가 땅콩?감씨과자에서 땅콩만 골라먹는다며 일부일처제를 한탄하기도 하고, 여행 중 겪은 다종다양한 실수담을 수줍은 듯 털어놓는 등, 천진난만하면서도 가끔은 도발적인 무라카미 씨의 솔직한 단상이 고스란히 담겨 있다. 기존 번역판보다 60여 페이지의 볼륨이 늘어난 만큼 ‘무라카미 라디오’ 특유의 유쾌한 오라가 더욱 강력히 발산된다.    "
알랭 드 보통,"“언제 다시 소설을 쓸 거냐고 물으면 전 항상‘사랑에 대해 쓸 것이 충분히 생기면’이라고 대답했습니다.”알랭 드 보통 21년만의 장편소설, 다시 사랑을 말하다‘일상의 철학자’ 알랭 드 보통이 소설로 돌아왔다. 《키스 앤 텔》 이후 21년 만에 내놓은 장편소설 《낭만적 연애와 그 후의 일상(The Course of Love)》에서 그는 일상의 범주에 들어온 사랑에 대해 통찰한다. 사랑하고 이별하는 과정이 그려졌던 전작들과 달리 영원을 약속한 그 후의 이야기다. 알랭 드 보통은 에든버러의 평범한 커플 라비와 커스틴의 삶을 통해 수십 년에 걸쳐 사랑에 어떻게 성공할 수 있을지 살핀다. 작가는 ‘우리가 사랑이라고 부르는 것은 단지 사랑의 시작’이라고 말하며 낭만의 한계와 결혼 제도의 모순을 넘어 성숙한 사랑으로 도약하기 위한 솔직하고 대담한 논의를 펼친다. ‘사랑은 감정이라기보다 기술’이라는 말로 응축된, 작가가 제안하는 유연한 사랑의 방식을 만날 수 있다. 소설과 철학 에세이를 결합시킨 ‘보통 스타일’, 모두가 기다려온 지적 위트와 섬세한 통찰력한국 독자가 가장 사랑하는 작가 중 하나인 알랭 드 보통은 삶의 여러 영역들에 대해 새로운 사유의 기회와 프레임을 제공함으로써 ‘일상의 철학자’로서 명성을 쌓아왔다. 특히 ‘사랑과 인간관계 3부작’으로 불리는 소설, 《왜 나는 너를 사랑하는가》 《우리는 사랑일까》 《키스 앤 텔》은 소설과 에세이 혹은 소설과 전기 형식을 절묘하게 결합한 그만의 독특한 스타일을 각인시켰다. 의도적으로 평범하게 구축한 인물과 플롯, 세밀한 심리 묘사, 철학적 제언으로 사랑이라는 인간 보편의 감정을 다룬 그의 방식은 독자들로부터 큰 공감과 호응을 얻었다. 그의 소설의 묘미는 우리의 자아와 가장 닮은 인물들을 만나는 놀라움이라고 할 수 있다. 그 자신 역시 ‘소설은 인물의 인식과 심리 안팎을 자유로이 오가며 다각도로 살필 수 있다는 점에서 사랑을 말하기에 가장 적합한 형식이며, 사랑에 대해 충분히 쓸 것이 생기면 소설을 쓸 것이다’라고 밝히기도 했다. 오랜만에 ‘사랑’이라는 주제로 돌아와 선보이는 이번 소설에서도 그는 특유의 감각을 펼쳐 보인다.“우리가 사랑이라 부르는 것은 단지 사랑의 시작이다” 낭만적 사랑에서 현실적이고 성숙한 사랑으로의 이행 “여러 해가 지나고 또 여러 편의 사랑에 관한 에세이를 접한 후에야 라비는 사랑을 유발했던 신비한 열정으로부터 눈을 돌릴 때 사랑이 지속될 수 있음을, 유효한 관계를 위해서는 그 관계에 처음 빠져들게 한 감정들을 포기할 필요가 있다는 결론에 이를 것이다. 이제 그는 사랑은 열정이라기보다 기술이라는 사실을 배워야만 할 것이다.”(p.16)전작들이 두 남녀의 만남과 이별의 과정 속에 드러나는 사랑의 딜레마를 그렸다면 이번 소설에서는 결혼이라는 새로운 국면이 펼쳐진다. 작가는 영원을 약속한 사람들에게 찾아오는 사랑의 어려움에 주목한다. (그의 전작 속 인물들이 그랬듯) 많은 시행착오 끝에 평생을 함께할 확신이 드는 사람을 만났는데도 어째서 우리의 사랑에는 위기가 빈번하고, 더 크게 파멸을 맞기도 하는가? 그는 그 이유를 사랑에 관한 우리의 인식이 낭만주의에 잠식되어 있기 때문이라고 설명한다. 소설 속 두 주인공의 삶은 초기의 열정과 황홀감에 주목했을 때는 사랑의 점진적 소멸이나 퇴색으로 치부되고 말 순간들이 오히려 사랑을 발전시키고 성숙시키는 계기가 될 수 있음을 보여준다. 작가는 마치 결혼의 전 과정을 예행하듯 일상의 면면들에 주목하고, 그 안에서 우리에게 필요한 사랑의 담론들을 이끌어낸다. 단순히 몇 달, 몇 년이 아닌 수십 년에 걸쳐 사랑이 어떻게 성공할 수 있을지에 대한 논의는 이렇게 시작된다. 이케아 컵 고르기부터 바람을 피우기까지, 생활이 된 사랑은 어떻게 변화하는가? “그와 커스틴은 결혼을 하고, 난관을 겪고, 돈 때문에 자주 걱정하고, 딸과 아들을 차례로 낳고, 한 사람이 바람을 피우고, 권태로운 시간을 보내고, 가끔은 서로 죽이고 싶은 마음이 들고, 몇 번은 자기 자신을 죽이고 싶은 마음이 들 것이다. 바로 이것이 진짜 러브스토리다.”(p28)각기 한쪽 부모의 부재 속에서 성장한 두 주인공 라비와 커스틴은 열렬하게 사랑하고 결혼한다. 균열은 사소한 데에서 시작된다. 이케아에 컵을 사러 갔다가 의견 충돌로 빈손으로 돌아오며 이들은 맨 처음으로 함께하는 삶에 의문을 던진다. ‘이걸 어떻게 평생 견디고 살지?’라고. 이후 작가는 서로 가치관이 부딪치고, 섹스는 스릴을 잃고, 육아가 삶의 전반을 차지하고, 사회생활에서의 자아와 가정에서의 자아가 보이는 불균형에 괴로워하는 등 결혼 생활에서 맞닥뜨릴 수밖에 없는 일련의 과정을 그린다.그 속에서 우리가 기대어온 사랑이 실로 얼마나 허약한 것인지 드러난다. 예컨대 상대에게 온전히 받아들여지고 상대의 절대적 지지자가 되어주는 상호호환의 충만감은 균형감을 잃기 쉬우며, 사회가 서로를 합법적인 섹스 상대로 인정해주는 순간, 간격을 좁히려는 데서 오는 동력은 줄어들고 만다. 뿐만 아니라 모든 잘못된 결과는 상대에게 있다는 마음의 비약도 제어하지 못한다. 이제 커스틴의 현명함은 동감할 줄 모르는 차가움으로 변모하고 커스틴의 눈에 라비의 자상함보다는 지나친 자기연민이 먼저 눈에 들어오게 된다. 한때 ‘영혼의 짝’이 ‘잘못된 인연’이 되고 마는 것이다.“사랑은 감정이 아니라 기술” 미치지 않고 삶을 헤쳐 나가는 진짜 러브스토리진보한 낭만적 비관주의는 한 사람이 다른 사람에게 모든 것일 수는 없다고 가정한다. 우리는 또 다른 타락한 생명체와 함께 사는 현실에 나 자신을 적응시킬 최대한 부드럽고 친절한 방법을 찾아야 한다. 결혼은 ‘어지간히 좋은’ 결혼만 있을 수 있다.(p.279)이들의 문제는 외도를 둘러싸고 폭주한다. 작가는 외도 후 치졸한 자기합리화로 치닫는 인물의 의식 흐름을 그대로 좇으며 낭만주의적 결혼관의 맹점을 드러낸다. ‘우리는 강력히 정반대 방향을 가리키는 안정과 모험이라는 두 가지 근본적인 욕망에 따라 움직이는 존재이며, 우리의 낭만적인 삶은 슬프고 불완전하게 끝날 운명’이라는 것이다. 그렇기에 작가는 제도로서의 결혼이라는 관념을 새롭게 바라볼 것을 제안한다. 욕망은 너무 변덕스럽고 깨달음은 너무도 늦게 찾아오는 삶에서 일관성을 지켜줄 길잡이라고 말이다. 작가가 ‘사랑은 감정이 아니라 기술’이라고 강조하는 것도 이 때문이다. 우리에게는 당장의 욕망과 분노에 휘둘리지 않을 통찰력이 필요하다. 라비와 커스틴의 시행착오와 빛나는 깨달음의 순간들을 바라보며, 우리는 좀 더 성숙한 사랑으로 나아갈 기회를 얻는다. 알랭 드 보통은 말한다. 우리 모두는 완전히 이해받을 수도 이해할 수도 없는 어딘가 약간은 잘못된 사람들이라고. 서로 어떻게든 미치지 않고 용기 있게 사랑과 결혼의 어려움을 헤쳐 나가는 것이야 말로 우리가 지향해야 할 러브스토리라고 말이다.    "
Ted Chiang,"      머리를 쓰는데 가슴이 뜨거워진다! 이렇게 가슴 벅찬 SF라니!최고의 과학소설 작가, 테드 창 작품 영화화!「시카리오」 드니 빌뇌브 감독, 11월 개봉작 SF 「컨택트」 원작! 전혀 다른 차원의 소재와 전혀 다른 스타일의 전개로최고의 과학소설에 수여되는 모든 상을 석권한 엄청난 소설! 단 한 권의 작품집으로 “전 시대를 통틀어 가장 위대한 과학 단편소설 작가 중의 한 명”이라는 명성을 얻은 테드 창의 『당신 인생의 이야기』가 출간됐다. 최고의 과학소설에 수여되는 네뷸러상, 휴고상, 로커스상, 스터전상, 캠벨상, 아시모프상, 세이운상, 라츠비츠상을 모두 석권한 이 책은 과학이 줄 수 있는 최고의 지적 상상력과 소설이 줄 수 있는 최고의 철학적 사유를 선사하는 특별한 책이다. 통찰력 있는 주제를 우아하고 적격한 문체로 풀어나가는 『당신 인생의 이야기』는 SF 소재를 언급할 필요도 없이, 소설을 좋아하는 사람의 서가에 반드시 꽂혀 있어야 하는 작품이다. 아이디어를 압축해 중·단편으로 내놓은 결과물은 그 밀도가 기가 막힐 지경이다. 기막힌 상상력을 품고 있으면서도 읽고 나면 엄청난 감동이 밀려오는 여덟 편의 단편이 수록되어 있는 이 작품은 전 세계 15개국에 번역 출간되었다. 2017년 초, 그의 두 번째 작품집이 「엘리」에서 출간될 예정이다. 두 번째 작품집에는 미발표 신작 단편을 포함한 일곱 편의 작품이 실린다.    "
폴 칼라니티,"<뉴욕타임스> 12주 연속 1위, 아마존 종합 1위전 세계 38개국 판권 수출, 2016년 상반기 최고의 화제작신경외과 의사로서 치명적인 뇌 손상 환자들을 치료하며 죽음과 싸우다가 자신도 폐암 말기 판정을 받고 죽음을 마주하게 된 서른여섯 젊은 의사 폴 칼라니티의 마지막 2년의 기록. 출간 즉시 아마존과 <뉴욕타임스> 베스트셀러 1위에 올랐으며 12주 연속으로 뉴욕타임스 베스트셀러 1위 자리를 지켰다. <어떻게 죽을 것인가> 저자 아툴 가완디는 “삶에 대해 많은 것을 가르쳐주는, 감동적이고 슬프고 너무 아름다운 책”이라고 평하며 그의 죽음을 안타까워했다. 죽어가는 대신 살아가는 것을 선택한 고뇌와 결단, 삶과 죽음, 의미에 대한 성찰, 숨이 다한 후에도 지속되는 사랑과 가치에 대한 감동적인 실화.    "
"브레이든 코위츠, 제이크 냅","      구글 수석디자이너가 직접 공개하는 구글은 어떻게 기획하고 실행하는가?지메일, 구글 서치, 크롬을 탄생시킨 바로 그 방식이 마침내 베일을 벗는다! 출간 즉시 아마존?뉴욕타임스?월스트리트저널 베스트셀러! 영국, 독일, 중국, 일본 등 출간 전 20개국 판권 계약! 페이스북, 우버, 에어비앤비에서 효과가 입증된 궁극의 솔루션. “스프린트로 해결하지 못할 문제는 없다!” 아이디어를 더 빨리 테스트하고, 더 나은 결과를 얻으려면 구글처럼 스프린트하라!    "
무라타 사야카,"      “아쿠타가와 역사상 최고의 작품!”18년 차 편의점 알바생의 자전적 소설!일본에서 가장 권위 있는 문학상인 제155회 아쿠타가와상을 수상한 『편의점 인간』이 한국에서 출간되었다. 저자 무라타 사야카는 실제 18년째 편의점에서 알바를 하는 여성 작가로, 시상식 당일에도 “오늘 아침에도 편의점에서 일하다 왔다”며 “내게는 성역 같은 곳인 편의점이 소설의 재료가 될 줄은 몰랐는데 이렇게 상까지 받았다”는 수상소감을 전했다. 출간 직후 일본 아마존 문학 부문 1위에 올라 현재까지 베스트셀러 자리를 굳게 지키고 있다.서른여섯 살의 주인공 ‘후루쿠라 게이코’는 모태솔로에다 대학 졸업 후 취직 한번 못 해보고 18년째 같은 편의점에서 알바를 하고 있다. 계속 바뀌는 알바생들을 배웅하면서 여덟 번째 점장과 일하고 있는 게이코는 매일 편의점 음식으로 끼니를 때우고 정해진 매뉴얼대로 정리된 편의점 풍경과 “어서 오십시오!”라는 구호에서 마음의 평안과 정체성을 얻는다. 하지만 적당한 나이에 일을 얻고 가정을 꾸린 주위 사람들의 수군거림에서 게이코는 자유로울 수 없다. 그런 그녀 앞에 백수에 월세가 밀려 살던 집에서도 쫓겨나고 항상 남 탓만 하는 무뢰한, ‘시라하’가 나타나면서 겉보기에 평안한 그녀의 삶에 균열이 가기 시작하는데….    "
"크리스틴 그로스 로, 마이클 푸엣","      하버드 최고의 지성 마이클 푸엣이 해석한 동양철학의 대반전좋은 삶을 고민하는 우리 자신과 미래에 새로운 가능성을 제시하다!‘어떻게 좋은 삶을 살아갈 것인가?’ 하버드 최고의 지성 마이클 푸엣이 가장 진부한 질문에 가장 새로운 행복의 답을 제시했다. 자아를 발견하고 성공을 향해 도전하는 기준은 과연 좋은 삶을 보장하는가? 내면에 숨은 진정한 나를 발견하면 행복해지는가? 이 책은 하버드를 한순간에 사로잡은 마이클 푸엣의 강의를 그대로 옮긴 첫 번째 책으로, 우리가 추구해온 삶의 허상을 지적하고 가장 사소한 일상에서 시작하는 삶의 변화와 가능성을 이야기한다. 만들어진 행복의 기준, 성공의 법칙을 벗어나 마침내 ‘있는 그대로의 자신과 삶’을 받아들이는 완벽하게 새로운 행복의 길을 확인할 수 있다.    "
조지 R. R. 마틴,"출간 20주년 기념 전면 개정판 정확하고 새로운 번역·오리지널 표지 6천만 독자를 사로잡은 GRRM의 놀라운 세계를 정주행하라!전 세계 독자들이 열광하는 ‘얼음과 불의 노래’ 시리즈가 1부 《왕좌의 게임》 출간 20주년을 맞이하여 전면 개정판으로 선보인다. 새로운 번역으로 거듭났으며, 용어 및 인물명의 대폭 정정이 이루어졌다. 또한 오리지널 표지를 사용, 외관 역시 세계적 베스트셀러에 맞게 세련되고 감각적으로 변했다. 방대한 세계관과 판타지의 공식을 깨부수는 놀라운 전개로 작가에게 ‘금세기 최고의 걸작’이라는 극찬을 안겨준 이 책은 미국 HBO 채널의 《왕좌의 게임》 시리즈로 드라마화되면서 전 세계적인 팬덤을 형성하였다. 현재까지 46개국 출간, 6천만 부 판매되었으며 매해 초 작가의 후속 집필 상황이 보도되는 등 놀라운 인기를 얻고 있다. 전체 시리즈 모두 순차적으로 새롭게 번역 출간될 계획이며 2017년 4월 2부 《왕들의 전쟁》 개정판이 나올 예정이다. 왜 지금 전 세계는 왕좌의 게임에 열광하는가 아마존 미국 최장기 베스트셀러 | 《뉴욕타임스》 88주 베스트셀러 《타임》 선정 ‘올해 최고의 책’ | 《USA투데이》 선정 ‘올해 최고의 작가’ 《뉴욕타임스》 《퍼블리셔스위클리》 《USA투데이》 베스트셀러 1위 로커스상·휴고상·에미상 수상‘얼음과 불의 노래’ 시리즈는 1996년 1부 《왕좌의 게임》이 출간된 후 매년 인기가 더해졌다. 초기에 ‘어떤 대형 마케팅이나 광고 없이 입소문만으로 성공을 이루어내며 ‘이야기의 힘’을 보여줬다(《살롱》)’고 평가받으며 판타지 애호가들 사이에서 격찬을 받았고, 이후 이 작품을 원작으로 한 드라마 ‘왕좌의 게임’ 시리즈가 폭발적인 인기를 끌면서 대중까지 사로잡았다. 현재까지 책이 46개국에 출간되고, 드라마가 60개국에 방영되는 등 전 세계인이 함께 즐기고, 함께 기다리는 베스트셀러가 되었다. 이 같은 대중적인 성공의 배경에는 작가가 그려낸 방대하고도 세밀한 세계관이 있다. 웨스테로스 대륙의 칠왕국을 둘러싸고 벌어지는 권력과 생존을 위한 투쟁을 다룬 이 소설에서 작가는 네 개의 대륙부터 무기 하나, 심지어는 풀 한 포기까지 모두 창조해내고 개연성을 부여했다. 그러면서도 작가가 ‘장미 전쟁에서 영감을 얻었다’고 밝혔듯이 온갖 권모술수와 지략이 난무하는 현실적인 서사를 펼쳐 보인다. 판타지의 무대 위에 영원한 연대도, 영원한 적도, 영원한 승리자도 없다는 냉혹하고도 공평한 섭리를 그림으로써, 지독한 리얼리티를 획득한 완벽한 별도의 세계를 창조해낸 것이다. 여기에 장엄하고도 아름다운 문체와 촌철살인의 명문장들이 파급력을 더하며 명실상부 판타지를 넘어선 금세기 최고의 걸작으로 자리매김했다. 새로운 번역, 새로운 표지, 지금 다시 ‘왕좌의 게임’이 시작된다!이번 개정판은 2000년에 국내에 소개된 후 처음으로 선보이는 전면 개정판이다. 기존 판본을 보완 수정하는 형태가 아닌 번역부터 새로이 했다는 점이 가장 큰 특징이다. 더불어 ‘나이트워치’ ‘시티워치’ 등 기존에 상당 부분 음역하여 표기했던 용어들을 ‘밤의 경비대’ ‘도시 경비대’ 등의 번역어로 대체하여 가독성과 이해도를 높였다. 또한 지명에 지형적 특성과 역사적 의미가 함축되어 있는 점을 감안하여 그 의미를 밝혀 최대한 원작의 공간 그대로를 상상할 수 있도록 했다. 수많은 사람과 각종 계급의 등장으로 인물 관계를 파악하기 어려웠던 점도 다양한 상대 높임법을 써 보완했다. 또한 오리지널 커버 디자인을 사용, 수많은 독자들이 함께 즐기고 애호하는 걸작으로서의 면모를 갖추게 되었다. 기존 독자는 물론 드라마 《왕좌의 게임》 팬과 지금 가장 뜨거운 작품을 보고 싶은 독자 모두에게 조지 R. R. 마틴이 구현한 독보적 세계를 더욱 가깝게 느낄 수 있는 기회가 될 것이다. 줄거리 “겨울이 오고 있다.”십 년째 여름이 이어지고 있는 웨스테로스 대륙의 칠왕국, 타르가르옌 가문의 미친 왕 아에리스를 몰아내고 왕좌를 차지한 바라테온 가문의 로버트는 자신과 함께 전복을 이루어낸 에다드에게 곁에서 함께 통치해줄 것을 청한다. 한편 도주한 타르가르옌 가문의 생존자, 드래곤의 후손들은 대륙 너머에서 찬탈자들에 대한 복수를 갈망한다. 그리고 대륙의 북단, ‘무언가’로부터 칠왕국을 지키고 선 장벽에는 불안한 징후들이 나타나기 시작한다. 그렇게 이 땅에 겨울이 오고 있었다.“왕좌의 게임이 시작되면 이기거나 죽거나 둘 중 하나다.”막강한 부족 도트락의 아이를 잉태하며 칠왕국으로 돌아올 힘을 키우는 타르가르옌의 후손 대너리스. 왕의 수관이 되어 떠난 아버지 에다드 스타크를 대신해 윈터펠의 영주가 된 아들 롭과 장벽으로 떠난 사생아들 스노우. 넘치는 금과 그보다 더 넘치는 야망을 가진 왕비 세르세이 라니스터, 신들이 비상한 두뇌만을 선물한 그녀의 남동생, 난쟁이 티리온. 그리고 왕국의 모든 간계와 모략의 중심에 있는 첩보관 바리스와 재무관 리틀핑거……. 왕좌의 게임에서 살아남을 자는 누구인가.    "
유발 하라리,"      인간의 역사와 미래에 대한 가장 논쟁적이고 대담한 대서사문명의 배를 타고 진화의 바다를 항해한 인류는 이제 어디로 나아갈 것인가!★미국, 영국, 프랑스, 독일, 중국 30여 개국 출간! 전 세계 지성계를 뒤흔든 압도적 베스트셀러! ★재레드 다이아몬드, 대니얼 카너먼, 마크 저커버그가 격찬한 초대형 베스트셀러 마침내 한국 출간!변방의 유인원 호모 사피엔스는 어떻게 세상의 지배자가 되었는가? 수렵채집을 하던 우리 조상들은 어떻게 한 곳에 모여 도시와 왕국을 건설하였는가? 인간은 왜 지구 역사상 가장 치명적인 동물이 되었는가? 과학은 모든 종교의 미래인가? 인간의 유효기간은 언제까지인가? 멀고먼 인류의 시원부터 인지혁명, 농업혁명, 과학혁명을 거쳐 끊임없이 진화해온 인간의 역사를 생물학, 경제학, 종교학, 심리학, 철학 등 여러 학문의 경계를 넘나들며 다양하고 생생하게 조명한 전인미답의 문제작. 호모 사피엔스부터 인공지능까지, 기나긴 역사의 시간을 한 권으로 써내려간 문명 항해기. 이제 우리는 무엇을 인간이라고 할 것인가.    "
JTBC 뉴스룸 팩트체크 제작팀,"      JTBC 뉴스룸 간판코너 ‘팩트체크’ 책으로 출간! 손석희 앵커의 세상을 읽어내는 냉철함, 김필규 JTBC 기자의 생생한 취재력의 집합체로 2014년 첫 방송 후, 200회를 넘기며 'JTBC 뉴스룸'의 간판코너 로 자리잡은 《팩트체크》가 책으로 출간되었다. 『팩트체크』는 방송 회차 중 시청자들에게 가장 큰 호응을 받았고, 가장 논란이 되었던 회차를 중심으로 꼼꼼하게 재점검, 구성한 책으로 이슈체크, 경제체크, 정치체크, 사회체크, 상식체크 총 5가지의 카테고리로 구성되어 있다. ’장그래법‘은 정말 비정규직을 위한 것인지, 전세살이가 악화되지 않았다는 장관의 말은 어떤 정보를 기반으로 하고 있는지, 담뱃값 인상이 정말 국민건강지수를 높였는지, 한국의 메르스 대응은 해외와 비교했을 때 어느 정도의 수준인지, 세월호 이후 한국은 얼마나 달라졌는지, 국회의원 수는 몇 명이 적당한지 등 정보의 홍수 속에서 진실을 판독하고, 이에 대해 올바른 평가를 내릴 수 있는 눈을 키워주는, 이 시대를 사는 지성인들을 위한 필수 교양서이다.    "
요나스 요나손,"      전 세계 독자의 마음을 단박에 사로잡으며 1천5백만 부 이상 판매된 스웨덴 대표 작가 요나스 요나손의 세 번째 장편소설! 스웨덴 작가 요나스 요나손의 세 번째 장편소설 『킬러 안데르스와 그의 친구 둘』이 전문 번역가 임호경 씨의 번역으로 열린책들에서 출간되었다. 세계적인 밀리언셀러 『창문 넘어 도망친 100세 노인』에 이은 이 소설은 2015년 출간 즉시 전 유럽의 베스트셀러로 이름을 올렸다. 엉뚱한 살인범, 떠돌이 목사, 싸구려 호텔 리셉셔니스트가 만나 펼치는 대활약상을 그린 작품으로 미국, 프랑스, 독일, 이탈리아, 일본 등 30여 개국에 판권 계약되어 번역 중이며 스웨덴에서 TV 드라마로 방영될 예정이다. 상상을 초월하는 세 가지 사업으로 세상을 쥐락펴락하는 주인공들과 이를 뒤쫓는 악당들이 일으키는 일대 소동이 쉴 새 없이 폭소를 자아낸다. 동시에, 세태의 단면을 예리하게 도려낸 작가의 시선을 통해 오싹한 즐거움을 맛볼 수 있다. 요나스 요나손은 데뷔작 『창문 넘어 도망친 100세 노인』(2009)으로 인구 9백만의 나라 스웨덴에서 120만 부 이상의 판매 기록을 세웠고, [100세 노인] 현상을 일으키며 일약 세계적인 베스트셀러 작가가 됐다. 『창문 넘어 도망친 100세 노인』은 출간 이후 약 41개 언어로 번역되었으며 프랑스 120만 부, 영국 120만 부, 독일 4백만 부 등 전 세계 1천만 부 이상 판매되었다. 한국에서도 2014년 최대의 베스트셀러로 선정되는 등 선풍적인 인기를 끌었다. 동명의 영화로도 제작되어 흥행 돌풍을 일으켰다. 핵폭탄을 짊어진 천재 까막눈이 소녀의 스릴 넘치는 모험을 그린 두 번째 소설 『셈을 할 줄 아는 까막눈이 여자』(2013) 역시 출간 6개월 만에 전 세계 판매 부수 150만 부를 돌파, 언론과 독자의 찬사를 받으며 [요나손 열풍]을 뒤이었다. 『킬러 안데르스와 그의 친구 둘』은 앞서 발표된 요나손의 두 작품과 맥을 같이하는 듯하나, 보다 집약적으로 응축시킨 세계를 무대로 부조리한 세태와 군상의 위선을 거칠게 풍자한 것이 인상적이다. 특유의 능청스러운 입담은 여전하다. 요나손의 전작을 모두 번역한 바 있는 임호경 번역가는 이번 책에서도 아이러니하고 코믹한 문장들을 한국어로 절묘하게 살려 냈다. 요나손이 쓴 세 편의 소설은 전 세계에서 1천5백만 부 이상이 팔렸다.    "
유시민,"      유시민이 보고 겪고 느낀 우리 현대사 55년의 이야기나는 냉정한 관찰자가 아니라 번민하는 당사자로서 우리 세대가 살았던 역사를 돌아보았다. 없는 것을 지어내거나 사실을 왜곡할 권리는 누구에게도 없다. 그러나 의미 있다고 생각하는 사실들을 선택해 타당하다고 생각하는 인과관계나 상관관계로 묶어 해석할 권리는 만인에게 주어져 있다. 나는 이 권리를 소신껏 행사했다. 사실을 많이 담기보다는 많은 사람이 중요하다고 여기는, 잘 알려진 사실들에 대한 생각을 말하려고 노력했다. 과거를 회고하고 싶어서가 아니라 현재를 이해하고 미래를 전망하고 싶어서 이 책을 썼다. -「서문」 중에서    "
채사장,"      힘 있는 지식인이 되기 위한 필수 기초 교양! 어김없이 오늘도 우리는 사람들과 대화를 나눈다. 어제 본 드라마부터 시작되는 대화는 늘 같은 패턴이지만, 오늘따라 왜인지 시시한 기분이 든다. 곧 색다른 주제의 대화를 이어가려 하지만 금방 지식에 한계가 오는 듯하다. 문득 자신의 부족한 지식수준을 채우기 위해 공부를 시작해야겠다고 절감하지만, 금세 막막해져온다. 대체 어디서부터 얼마만큼 알아야 하는 걸까? 여기, 신자유주의가 뭔지, 보수와 진보가 무엇인지, 왜 사회문제가 일어나는지 도무지 알 수가 없어 대화 자리가 두려운 당신을 위한 책이 출간되었다. 글쓰기와 강연 등을 통해 많은 사람에게 ‘넓고 얕은 지식’을 알리고 있는 채사장의 『지적 대화를 위한 넓고 얕은 지식』으로, 인기리에 연재되고 있는 팟캐스트 방송 《지대넓얕》을 책으로 재구성한 것이다. 저자는 역사·경제·정치·사회·윤리 전 과정을 마치 하나의 천일야화처럼 재미있는 이야기로 자연스럽게 풀어낸다. 거칠고 거대한 흐름을 꿰다보면, 그 과정에서 두 번의 세계대전이나 경제 대공황, 갑론을박하는 정치적 이슈 등 개별적 사건들이 자연스럽게 자리를 찾으며 의미를 갖는다. 책을 덮는 순간, 현실에 대해 당당한 지적 목소리를 내는 진짜 지식인으로 거듭날 것이다. 북소믈리에 한마디! 개인이 가진 전문적인 지식은 먹고사는 데 필수적이지만, 타인과 대화할 때는 외려 넓고 얕은 지식이 필요하다. 그렇다면, 그 지식이란 무엇일까? 바로 내가 발 딛고 사는 ‘세계’에 대한 이해다. 세계에 대한 이해는 결국 세계에 발 딛고 있는 ‘나’를 이해하는 계기가 된다. 다시 ‘나’에 대한 이해는 한층 더 깊게 ‘세계’를 이해하는 토대가 된다. 이제, 지적 대화를 위해 먼저 ‘세계’부터 찬찬히 여행해보자.    "
올리버 색스,"      <아내를 모자로 착각한 남자> 개정판. 일상생활에 불편을 겪는 경증 환자부터 현실과 완전히 격리될 정도로 중증의 정신질환을 겪는 환자들까지 올리버 색스가 엄밀히 관찰하고 따뜻하게 써낸 '우리와는 조금 다른' 사람들의 독특한 임상 기록이다. 올리버 색스의 타계 1주기를 맞아 글과 디자인을 세심히 다듬은 개정판을 마련하였다.총 4부 24편의 이야기로 구성되어 있으며, 각 에피소드마다 '뒷이야기' 코너를 삽입하여, 저자가 만난 같은 증상의 다른 환자에 대한 경험들을 덧붙였다. 극도의 혼란 속에서도 성장과 적응을 모색하며 자신의 감추어진 능력을 일깨워나가는 환자들. 그들의 모습을 저자는 신경학자로서의 전문적 식견과 따스한 휴머니즘, 인간 존엄에 대한 애정과 신뢰 가득한 시선으로 담아낸다.    "
가와이 간지,"      제32회 요코미조 세이시 미스터리대상 대상 수상작!섬뜩할 정도로 잔인하면서도 애처로운, 인간 실존에 관한 서늘한 통찰괴물 같은 신인의 도도한 미스터리 소설살아 있는 데드맨이 당신의 심장을 움켜쥘 것이다!★ “시마다 소지의 『점성술 살인사건』에 도전하는 기개가 훌륭하며 속도감 있는 구성이 대단하고 놀랍다.” -아야츠지 유키토(작가)★ 기발한 발상과 예기치 못한 반전, 그리고 독자를 속이는 새로운 속임수가 잘 버무려진 최고의 형사 추리물이다. -〈몸의 나그네〉 2012년 10월 호★ 가부라기가 이끄는 4인조 특별 수사반이 되살아난 시체의 수수께끼를 좇는 과정이 기발하고 독창적인 작품이다. -〈소설추리〉 2012년 12월 호제32회 요코미조 세이시 미스터리대상 대상을 수상한 가와이 간지의 첫 번째 미스터리 소설 『데드맨』. 요코미조 세이시 미스터리대상은 1981년에 일본의 국민 탐정 ‘긴다이치 코스케’를 창조한 일본 본격추리소설의 거장 요코미조 세이시를 기리는 의미로 제정되었다. 종종 ‘수상작 없음’이란 결과를 내놓는 일본 정통의 신인추리문학상으로, 이 상의 수상작이 국내에서 출간되는 것은 이번이 처음이다. 시바타 요시키, 야마다 무네키 같은 작가를 배출했으며, 스즈키 고지는 1990년(제10회)에 『링』으로 응모했지만 상을 받지는 못했다.가와이 간지는 수상 당시 평단으로부터 “최고의 형사 추리물”, “기발하고 독창적인 작품”, “예기치 못한 반전”이라는 찬사를 받으며 기존 미스터리 소설을 뛰어넘는 새로운 천재 작가의 탄생을 예고했다. 도쿄에서 일어난 여섯 번의 연속살인사건을 소재로 한 『데드맨』은 허를 찌르는 반전과 치밀한 구성, 그리고 속도감 있는 이야기 전개로 첫 문장부터 마지막 문장까지 단번에 읽게 만드는 흡입력을 가진 작품이다. 머리가 없는 시체, 몸통이 없는 시체……. 시체 일부가 사라진 여섯 구의 시체가 도쿄에서 발견된다. 일본 전역을 미궁 속에 빠뜨린 이 엽기적인 살인사건은 일명 아조트 연속살인사건으로 불리는데, 아조트란 한 추리 소설에 등장하는 단어로 이번 범행이 시체 일부를 모아 한 사람으로 살려내려는 소설 속 계획과 흡사하다는 이유로 붙여졌다. 그런데 시체를 모아 한 명의 사람으로 만든다고 하기엔 어딘가 석연치 않은 점이 있다. 발견된 시체는 모두 젊은 남성이었는데 여섯 번째 시체, 즉 마지막으로 도도로키에서 발견된 왼쪽 발이 없는 시체만은 여성이었던 것. 범인은 마치 사람들을 농락하듯 보란 듯이 시체 일부를 유기하지만, 가부라기가 이끄는 4인조 특별수사반은 특별한 단서를 찾지 못해 난항을 겪는다. 그러던 어느 날 담당 형사인 가부라기는 한 통의 기묘한 메일을 받는다. 보낸 사람의 이름은 ‘데드맨’. 그는 자신이 여섯 구의 시체 부분들을 연결해 되살아난 사람이라고 주장하는데……. 그리고 마침내 밝혀지는 누구도 상상 못했던 비밀은 치밀한 구성과 놀라운 트릭을 넘어 뜨거운 감동을 불러일으킨다.만약 토막 연속살인사건이라는 소재 때문에 유혈이 낭자하는 잔혹한 엽기 호러를 기대했다면 낭패감을 지울 수 없을 것이다. 『데드맨』은 도쿄라는 회색빛 도시를 배경으로 숨 막힐 듯 몰아치는 두뇌게임의 레이스 안에서도 따뜻한 인간애를 놓치지 않고 있기 때문이다. 치열한 수사 과정 속에서도 소소한 인간적 면모를 놓치지 않는 유머와 위트, 사람에 대한 관심과 사랑을 담아내는 휴머니즘, 사회 정의에 대한 깊이 있는 시선은 이 소설을 여타의 차갑고 잔인한 스릴러물과 갈라지는 지점에 서게 한다. 단언컨대 이 소설은 재미있는 미스터리 소설 그 이상을 보여줄 것이다. 짜릿한 박진감 너머에는 인간 실존에 대한 수수께끼 같은 질문을 던지면서 독자를 흥미로운 통찰의 자리로 이끈다. 작가는 작중 인물의 입을 빌려 “머리만 남아 되살아난 당신은 누구 것이죠? 아니, 당신은 대체 누구일까요?”라고 묻는다. 이 소설의 끝에서 우리는 각자 이 질문에 대한 답을 갖게 될 것이다.    "
기욤 뮈소,"      죽음을 눈앞에 둔 외과의사 엘리엇의 간절한 바람이 있다면 사랑했던 연인 일리나를 다시 한 번 보는 것이다. 제대로 사랑하는 방법을 몰라 연인을 떠나보내야 했던 젊은 시절은 그에게 씻지 못할 회한으로 남았다.우연히 시간을 돌이키는 비약을 얻게 된 그는 30년 전으로 돌아가 운명을 다시 바꿀 기회를 부여잡는다. 그러나 죽은 일리나를 살려내면서 그의 삶은 예기치 못한 대혼란의 소용돌이 속으로 휩쓸려간다.    "
무라카미 하루키,"      당신이 사랑하는 작가, 무라카미 하루키의 모든 것 30년 하루키 문학의 집대성 ""설날 ‘복주머니’를 열어보는 느낌으로 이 책을 읽어주셨으면 하는 것이 저자의 바람입니다. 복주머니 안에는 온갖 것들이 들어 있습니다. 마음에 드는 것이 있는가 하면, 별로 마음에 들지 않는 게 있을지도 모릅니다. 그거야 뭐 어쩔 도리가 없겠죠. 복주머니니까요."" _무라카미 하루키1979-2010, 청년 하루키의 해사한 풋풋함과 환갑이 넘은 작가의 노련미를 동시에 담은 하루키 문학의 집대성. 우리 시대의 문장가 무라카미 하루키가 직접 엄선한 69편의 미수록 미발표 에세이집이다. 작가 하루키가 들려주는 진지한 문학론에서부터 번역가 무라카미 씨의 감각적인 번역론, 음악 애호가 무라카미 하루키의 깊이 있는 재즈론, 책벌레 하루키가 귀띔하는 명쾌한 독서론, 인생 선배 무라카미 아저씨가 들려주는 따뜻한 인생론, 그리고 막역한 지기지우가 풀어놓는 내 친구 하루키 군에 이르기까지. 당신이 사랑하는 작가 하루키의 모든 것이 담겨 있다.평소 하루키는 자신의 평범을 주장한다. 일찍 자고 일찍 일어나 하루에 일정 분량의 글을 쓰고, 달리기를 하고, 음악을 듣고, 야구 관람을 즐기고, 취미로 번역을 하고, 챈들러와 잭 런던을 즐겨 읽고, 맥주를 좋아하고 조개는 먹지 않는…… 보통 남자입니다, 라고. 하지만 많은 사람들이 그를 닮고 싶어하는 만큼, 아무리 겸손히 말해도 무라카미 하루키는 비범한 평범함의 소유자이다. 그가 굴튀김을 앞에 두고 어떤 생각을 하는지, 그리스 섬에서는 어떻게 살았는지, 레이먼드 카버와는 어떤 대화를 나눴는지, 비치보이스를 왜 좋아하는지, 어떤 번역관을 가졌는지, 글을 쓰는 직업에 대해서는 어떤 사명을 가지고 있는지……. 책은 그 수많은 궁금증을 해갈해줄 것이다. 삼십 년 남짓 한 시간 동안, 작가가 한 켜 한 켜 쌓아온 시간이 오롯이 담겨 있다. 작가 하루키의 진지한 문학론에서부터, 번역가 무라카미 씨의 감각적인 번역론, 음악 애호가 무라카미 하루키의 깊이 있는 재즈론, 책벌레 하루키의 유쾌한 독서론, 인생 선배 무라카미 아저씨의 따뜻한 인생론, 그리고 막역한 지기지우가 풀어놓는 내 친구 하루키 군에 이르기까지, 독자들은 하루키가 쓰면 '잡문'도 이렇게 다르구나, 라고 저도 모르게 고개를 끄덕이고 있는 자신을 발견할 것이다.    "
피터 스완슨,"      “썩은 사과 몇 개를 신의 의도보다조금 일찍 추려낸다고 해서 달라질 게 뭔가요?당신은 세상을 위해 좋은 일을 하는 거예요.”페이지가 빠르게 넘어가는 소설이 있고미친 듯이 넘어가는 소설이 있는데 이 작품은 후자다! _<마리끌레르>미국에서 가장 까다로운 서평그룹 굿리즈 평점 4.01!출간 전 서평단 300명이 극찬한 스릴러!만약 당신이 소설을 선택할 때 얼마나 흡인력 있는지를 중요하게 여긴다면 이 책을 놓쳐서는 안 된다. “메스처럼 예리한 문체로 냉정한 악의 본질을 탐구하는 작가<퍼블리셔스 위클리>”라는 극찬과 함께 단숨에 길리언 플린 같은 스릴러 소설의 거장과 대등한 반열에 올라선 피터 스완슨의 《죽여 마땅한 사람들》이 푸른숲에서 출간되었다. 《죽여 마땅한 사람들》은 낯선 공간에서 우연히 만난 두 남녀가 서로 내밀한 사생활을 털어놓으며 이야기가 시작된다. 알프레도 히치콕 감독이 영화화하기도 했던 퍼트리샤 하이스미스의 고전 《열차 안의 낯선 자들》와 도입부 설정이 흡사하다고 느낄 수 있지만 모티브만 비슷할 뿐 더욱 팽팽한 성적 긴장감과 설득력 있는 줄거리가 차원이 다른 재미를 선사한다. 이 책은 미국에서 가장 까다로운 서평그룹 굿리즈 리뷰어에게 “과연 지금까지 ‘손에서 놓지 못할 만큼 재미있는’이라는 수식어가 이 책보다 어울리는 것이 있었을까? 이 책은 첫 장부터 나를 매료시켰다”, “올해 읽은 최고의 책! 《나를 찾아줘》, 《걸온더트레인》과 비교하는 서평이 많지만 세 권 모두 읽어보니 《죽여 마땅한 사람들》이 가장 재밌다! 하룻밤을 홀랑 새버렸다고 날 탓하지는 말길. 난 분명히 경고했다”라는 호평을 받으며 한국 독자들의 기대치를 한껏 높였다. “저 얼굴, 순진무구하고 사랑 넘치는 저 얼굴이  그의 운명을 결정지었다.”  첫 문장부터 마지막 문장까지 독자를 완벽하게 매료하는 스릴러! “아내를 죽이고 싶어 하는 것과 실제로 죽이는 일은 천지 차이예요.누군가를 죽이는 것과 죽이고도 잡히지 않는 건 더더욱 천지 차이이고요.”히스로 공항 라운지 바에서 우연히 마주친 두 남녀. 사업에 성공한 결혼 3년차의 테드는 빨간 머리에 깡마르고 바닷물처럼 투명하고 초록빛이 도는 푸른 눈동자를 지닌 릴리를 만난다. 마침 비행기가 지연되었기에, 테드는 언제든 반대 방향으로 갈라설 수 있는 공항의 법칙에 입각해 그녀에게 일주일 전 이야기를 털어놓는다. 우연히 아내가 바람을 피운다는 것을 눈치 챘고, 마침내 현장을 목격했다고. 그래서 출장 내내 고통스러웠다며 릴리에게 쏟아내듯 속마음을 말했다. “이제 어떻게 할 거예요?”라고 묻는 릴리에게 “아내를 죽이고 싶어요. 그게 내가 정말로 원하는 거죠” 하며 테드는 농담이라는 신호로 윙크를 해보인다. 하지만 “나도 당신과 같은 생각이에요”라고 말하는 릴리의 눈빛은 너무나도 진지한데…….이어지는 이야기는 아내를 용서하지 못한 남편의 복수극이 펼쳐질 거라는 단순한 예상을 통쾌하게 비켜간다. 여러 차례 반전의 매력에 빠져들었다는 평이 쇄도할 만큼 피터 스완슨은 예상치 못한 흐름을 이어가며 마지막 문장까지 탄성을 자아내는 스릴러 소설의 새로운 판을 짰다. 그는 이 작품으로 “《나를 찾아줘》의 왕관을 물려받을 제대로 된 후계자”라는 화려한 스포트라이트를 받았다. 사람이 사람을 살인으로 심판할 수 있는가  마지막 페이지를 넘기는 순간,  어느새 살인자를 응원하고 있음을 깨닫게 된다! “우리가 하려는 일이 바로 그거예요.지진을 만드는 거죠. 둘 다 매장할 정도의 지진.”이제 겨우 가슴이 봉긋해지기 시작할 무렵, 끈끈한 눈빛을 보내며 하루의 기분을 망치고 심지어 잠든 사이 옆에 와서서 자위를 해대는 늙은 화가, 진심으로 사랑했지만 알고 보니 눈 하나 깜짝하지 않고 양다리를 걸치고 거짓말을 해댄 남자친구, 영원히 함께 행복하고 싶었지만 뻔뻔하게 불륜을 저지르고 재산 뽑아낼 궁리만 하는 아내…… 당신이라면 이들을 용서할 수 있는가. 용서할 수 없기에 작품 속 인물들은 복수를 계획하고 실행한다, 비록 살인일지라도.작가 피터 스완슨은 피가 흘러넘치는 잔혹함도 누가 봐도 나쁘다고 손가락질할 사람도 등장시키지 않았다. 우리 주변에 하나쯤 있을 만한 사람들을 모아서 그들 사이에 일어날 수 있는 일, 그들이 증오를 처리하는 방식을 제시할 뿐이다. “계획적인 살인을 저지르는 사람의 심리를 너무도 잘 꿰뚫어보고 있어서 작가의 사생활이 궁금해질 정도다”라는 평이 과하지 않을 만큼 철저하고 집요하게. 작품 속 살인자의 태도처럼 태연하게 작가 자신의 세계를 늘어놓았고, 우리는 속수무책으로 빠져들 수밖에 없다. 나아가 나 대신 세상의 ‘죽여 마땅한 사람들’을 제거해주는 듯한 기분이 들며 살인자의 행동에 카타르시스를 느낀다. 따라서 “읽다보면 나도 모르게 완전 범죄를 꿈꾼다”, “잠시라도 손에서 책을 내려놓지 못하게 만들며 그녀의 완벽한 작전에 빠져들게 만든다”와 같은 독자의 극찬처럼 마지막 페이지를 넘기는 순간, 어느새 그들을 응원하고 있는 자신을 발견할 것이다. 당신에게도 ‘죽여 마땅한 사람들’이 있습니까  우리가 믿어온 선과 악,  인간성의 경계를 허무는 이야기 “그녀는 뼛속까지 썩어빠진 인간이었다. 어쩌면 나는 희생양을 다시 찾아 신나는지도 모른다.”릴리는 어릴 때부터 기묘한 상황에 노출되어 있었다. 예술가, 작가, 엄마아빠의 새 애인과 전 애인이 뒤섞여 섹스 파티를 벌이는 집. 이곳에서 ‘생존’하기 위해서 본능적으로 감정을 무디게 닦았으리라. 그러던 어느 날, 릴리는 기르던 고양이를 괴롭히는 길고양이를 죽여버렸고, 이것이 그녀만의 완벽한 문제 해결 방식으로 자리 잡는다. 성인이 되어 대학 기록 보관소에서 매일 비슷한 업무를 처리하는 일을 하고, 책이 가득한 집에서 홀로 유유자적한 생활을 하며 그녀는 특별히 원하는 것도 바라는 것도 없는 삶을 살아간다. 얼핏 고요해 보이는 일상이지만 그녀는 여전히 자신에게 상처를 주는 사람들을 쓰레기를 치우듯 차례차례 죽여 나간다.살인은 분명 나쁜 짓이지만, 《죽여 마땅한 사람들》은 뛰어난 구성과 매력적인 캐릭터로 살인의 당위를 만들어낸다. 명백히 잘못을 하고도 마음 편하게 살고 있는 사람들을 보면 보통은 애써 기억에서 지우려 한다. 하지만 릴리는 매번 그녀만의 방식으로 심판에 나선다, 차분하고 치밀하게. 망설이지 않는 릴리의 태도를 보면 ‘사람을 죽이는 것이 정말 나쁜 일인가’, ‘왜 사람을 죽여선 안 되는가, 누구나 한 번은 죽는데’라는 물음이 쏟아지며 그동안 믿어왔던 선과 악, 인간성에 대해 반문할 수밖에 없다. 다시는 전과 같은 인생을 살 수 없게끔 만든 사람이 있다면, 내가 그 사람을 죽일 자신이 있다면, 시체도 완벽히 숨길 수 있다면, 당신은 어떤 선택을 할 것인가. 이 질문에 머뭇거릴 수밖에 없는 마음이 우리가 릴리를 비난만 할 수 없는 이유가 된다. 이처럼 《죽여 마땅한 사람들》은 피가 튀는 잔인함이 아니라 당신 안의 터부를 세련되게 끄집어내어 반문을 던지기에 더욱 으스스하고 눈을 뗄 수 없게 만드는 것이다. 본문 발췌 “당신은 세상을 위해 좋은 일을 하는 거예요.” 목소리가 너무 나직해서 눈을 들고 그녀 쪽으로 몸을 약간 숙여야만 했다. “그게 내 솔직한 심정이에요. 아까도 말했듯이 사람은 누구나 죽어요. 당신이 아내를 죽인다 해도 어차피 죽을 사람 조금 일찍 죽이는 것뿐이에요. 게다가 그녀에게 상처받을 많은 사람을 구해주는 일이기도 하고요. 그녀는 이 사회의 암적인 존재예요. 세상을 더 나쁘게 만든다고요. 그리고 당신에게 한 짓은 사람을 죽이는 것보다 더 나빠요. […] 그녀가 먼저 주먹을 날렸다고요.” _p.54“네. 하지만 난 그저 비행기에서 당신 옆자리에 앉은 사람일 뿐이에요. 결국 결정은 당신이 해야죠. 아내를 죽이고 싶어 하는 것과 실제로 죽이는 일은 천지 차이예요. 누군가를 죽이는 것과 죽이고도 잡히지 않는 건 더더욱 천지 차이이고요.” _p.56나는 진토닉을 한 잔 더 주문하고 살인에 대해 이 여자가 했던 말을 생각했다. 맞는 말이었다. 누군가의 목숨을 빼앗는 게 왜 그리 끔찍한 일로 간주되는 걸까? 금세 새로운 세대가 세상을 차지할 테고, 지금 살고 있는 사람들은 죽을 것이다. 몇몇은 끔찍하게, 몇몇은 평온하게. _p.57“망해버린 두 번째 데이트 같군요.” 어색함을 깨기 위해 내가 말했다. 그녀가 웃었다. “우리 둘 다 상대가 나올 거라고 예상하지 않은 것 같아요.” “글쎄요. 난 당신이 나올 줄 알았습니다.” “난 당신이 안 나올 거라고 생각했어요. 다음 날 아침 끔찍한 숙취에 시달리며 깨어나서 아내를 죽일 계획을 세웠던 일만 어렴풋이 기억할 거라고 생각했죠.” “끔찍한 숙취에 시달리긴 했지만 우리가 한 얘기는 전부 기억합니다.” “아직도 죽이고 싶어요?” 릴리가 물었다. 마치 아직도 프렌치프라이를 먹고 싶으냐고 묻듯이. 하지만 그녀의 눈동자는 즐거움으로 반짝거렸다. 혹은 도전 의식으로. 그녀는 나를 시험하고 있었다. “그때보다 더요.” 내가 말했다. _p.82사람들은 생명이 존엄하다고 호들갑을 떨지만 이 세상에는 생명이 너무 많아요. 그러니 누군가 권력을 남용하거나, 미란다처럼 자신을 향한 상대의 사랑을 남용한다면 그 사람은 죽여 마땅해요. 너무 극단적인 처벌처럼 들리겠지만 난 그렇게 생각 안 해요. 모든 사람의 삶은 다 충만해요. 설사 짧게 끝날 지라도요. 모든 삶은 그 자체로 완전한 경험이라고요. _p.84-85난 아내를 미워하지만 그 이유는 한때나마 아내를 사랑했기 때문이다. 죽을 때까지 후회하게 될 실수를 저지르는 건 아닐까? 생각이 이런 식으로 흐르자 겁이 나기 시작했다. 릴리에게 연락하고 싶었다. 그녀가 살인을 아무렇지도 않게, 마치 오래된 소파를 버리는 일처럼 태연하게 말하는 걸 듣고 싶었다. _p.108“계획대로만 한다면 잘못될 일은 없어요. 하나만 물을게요. 만약 오늘 케네윅에 지진이 나서 미란다와 브래드가 죽었다고 해봐요. 기분이 어떻겠어요?” “행복할 겁니다.” 한 치의 망설임도 없이 내가 대답했다. “모든 문제가 해결되고, 그들은 죗값을 치르겠죠.” “우리가 하려는 일이 바로 그거예요. 지진을 만드는 거죠. 둘 다 매장할 정도의 지진.” _p.158-159기네스를 다 마신 후, 나는 살인자로서 내 경력은 끝났다고 생각했다. 살인에 흥미를 잃어서가 아니라 앞으로는 절대 그럴 일이 없을 것이기 때문이다. 앞으로는 누구도 나와 그렇게 가까워지도록, 에릭처럼 내게 상처를 입히도록 허락하지 않을 것이다. _p.204그녀는 뼛속까지 썩어빠진 인간이었다. 어쩌면 나는 희생양을 다시 찾아 신나는지도 모른다. 인정하기는 싫지만 나에게 살인은 오랫동안 긁지 않아 가려운 부위였다. _p.218난 후회하지도, 죄책감을 느끼지도 않았다. 내가 저지른 살인마다 이유가, 그것도 충분한 이유가 있었다. 이렇게 가슴이 아픈 까닭은 외로움 때문이다. 이 세상에 내가 아는 사실을 공유하는 사람이 한 명도 없다는 외로움. _p.421    "
무라카미 하루키,"      소설보다 흥미로운 전설의 에세이 '무라카미 라디오' 완결판!책을 덮은 후 ‘재미있다’ ‘감동적이다’와 같은 단순 감상으로 그치지 않고, 독자들의 토론까지 이어지는 작품이 몇이나 될까? 신작이 나온다는 소식만으로 전세계를 들썩이게 만드는 작가는 또 몇이나 될까? 국경, 세대, 성별, 문화를 초월해 늘 폭발적인 베스트셀러를 낳는 작가 무라카미 하루키가 신작 에세이로 돌아왔다! 『샐러드를 좋아하는 사자』는 『채소의 기분, 바다표범의 키스』에 이어, 패션 주간지 「앙앙」에 연재한 52편의 권두 에세이를 한 권으로 묶은 것이다. “하루키가 아니었다면 누가 채소의 기분을 상상이나 했을까?”라는 시인 정호승의 말처럼, 이번 『샐러드를 좋아하는 사자』 역시 아무도 글로 담지 않았던 야릇한 기분이나 공기의 감촉을 달라지게 하는 미묘한 분위기를 적확하게 표현해낸다. 작가 특유의 고감도 더듬이로 분명하면서도 섬세하게 그리고 유쾌하게 포착해낸 일상의 조각들이 신선한 공감을 불러일으킨다. 평소 낯가림이 심하기로 유명한 작가이지만 『샐러드를 좋아하는 사자』를 펼치는 순간, 편안한 차림으로 동네를 산책하며 가끔은 수다스러워지는 하루키 씨와 만날 수 있을 것이다.===================================<내가 정말 좋아 하는 농담>이라는 도서와 같은 포맷의 도서입니다.참고 링크 : http://ridibooks.com/v2/Detail?id=1546000175&_s=ins&_q=%25EB%2582%25B4%25EA%25B0%2580%2520%25EC%25A0%2595%25EB%25A7%2590------------------------------------------[도서 뷰어 관련 안내]1. iOS8, 9의 애플 스마트폰으로 도서를 보실 경우 제목과 본문이 이어져 보이는 현상이 있습니다.- 하지만 본문이나 내용이 깨지거나 다르게 나오는 것은 아닙니다.2. 스마트 패드에서 보실 경우에는 오류 없이 잘 보여 집니다.    "
히가시노 게이고,"      ■ 기적과 감동을 추리한다! 추리적인 향기와 깊이를 잃지 않는 명작,『나미야 잡화점의 기적』 『나미야 잡화점의 기적』은 2012년 3월 일본에서 출간되어 큰 화제를 불러일으킨, 우리 시대를 대표하는 작가 히가시노 게이고의 최신작이다. 작가가 그동안 일관되게 추구해온 인간 내면에 잠재한 선의에 대한 믿음이 작품 전반에 깔려 있는 이번 이야기에는 그동안 히가시노 게이고 하면 떠올랐던 살인 사건이나 명탐정 캐릭터는 전혀 등장하지 않는다. 그럼에도 불구하고 마치 퍼즐을 맞추어가는 듯한 치밀한 짜임새는 과연 히가시노 게이고의 작품답게 명불허전의 짜릿한 쾌감을 선사하며 감동을 자아내 작가의 고정 독자를 충분히 매료시킨다. 아무도 살지 않는 오래된 잡화점에서 벌어지는 기묘하고 따뜻한 이야기 총 5장으로 구성된 『나미야 잡화점의 기적』은 시공간을 초월하여 편지를 주고받는다는 설정 때문에 판타지 색채가 두드러져 보일 수 있지만 이는 각각의 이야기와 등장인물을 하나의 연결 고리로 모으는 주요 장치로 작용한다.×× 시 외곽에 자리한 나미야 잡화점은 30여 년간 비어 있던 오래된 가게이다. 어느 날 이곳에 삼인조 좀도둑들이 숨어든다. 이들은 어릴 때부터 아동복지시설에서 함께 자란 친구 사이로 몇 시간 전 강도짓을 하고 경찰의 눈을 피해 달아나던 참이었다. 인적이 드문 외딴집인 줄로만 알았는데 난데없이 ‘나미야 잡화점 주인’ 앞으로 의문의 편지 한 통이 도착하고, 세 사람은 얼떨결에 편지를 열어 본다. 알고 보니 과거의 사람이 보낸 고민 상담 편지가 시공간을 초월해 현재의 잡화점 우편함으로 들어온 것이었다. 처음에는 누군가 자신들을 노리고 장난을 치고 있다고 생각했다가 하늘에서 툭 떨어진 듯한 이상한 편지에 이끌려 답장을 해주기 시작한다. 하나로 그칠 줄 알았던 편지가 계속해서 도착하고 어느새 세 사람은 고민을 적어 보낸 이들의 앞날이 어떻게 풀릴지 자신들의 일처럼 진심으로 걱정하게 된다. 각 장마다 고민 상담 편지를 보낸 이들의 애틋한 사연이 담겨 있고 세 번째 장에서는 32년 전 나미야 잡화점의 원래 주인이었던 ‘나미야 유지’가 어떻게 해서 사람들의 고민 편지를 받게 되었는지 그 과정이 자세히 펼쳐진다. 수십 년 전 나미야 유지에게 고민을 상담하는 편지가 무슨 이유로 현재는 비어 있는 가게 우편함으로 들어왔는지, 과연 그것이 우연인지 필연인지에 대한 비밀은 이야기가 거듭될수록 조금씩 풀려간다. 그리고 놀라운 기적이 일어나기 시작한다. 히가시노 게이고, 청년 백수의 언어로 기적과 감동을 추리하다 뚜렷한 계획 없이 하루하루를 살아가던 세 명의 젊은이에게 일어난 하룻밤 동안의 신기한 일은 현실에선 일어날 수 없는 기묘한 이야기지만 현재를 살아가는 우리에게 시사하는 바가 매우 크다. 이야기의 중심축인 아쓰야, 고헤이, 쇼타는 당장 내일 일도 어떻게 될지 모르는 우울한 인생들이다. 한마디로 ‘제 앞가림도 못하는 주제’들이다. 불우한 어린 시절을 보낸 것으로 모자라 어른이 된 후에도 직장에서 해고를 당하거나 편의점 아르바이트로 겨우 생계를 유지하고 있다. 가방끈이 짧은 이들의 상담 타입을 한마디로 말하자면 ‘단도직입’인데, 말 그대로 돌려 말하는 법이 없어 때로는 상담을 의뢰한 사람들에게 상처를 주기도 한다. 이런 사치스러운 고민을 들려주시다니, 참 고맙군요.……앞으로 삼십 년만 지나보세요. 그런 태평한 소리를 하고 있을 때가 아니니까. 일할 데가 있는 것만으로도 다행이에요. 대학을 무사히 졸업해도 취직이 될까 말까 하는 시대가 옵니다. 틀림없이 와요._본문 126쪽하지만 처음에는 비꼬는 듯한 말투에 반감을 가졌던 상담자들도 결국 이들의 솔직한 답장 편지를 받고 인생의 커다란 전환점을 맞이하게 된다. 기적은 여기서 그치지 않는다. 고민 상담을 해주던 세 사람 또한 그로 인해 새로운 희망을 발견한다. 결국 서로가 서로의 인생에 지렛대가 된 셈이다. 다른 사람의 일을 내 일처럼 여기고 고민할 수 있는 ‘사람에 대한 정’이 없었다면 일어나기 힘든 기적인 것이다. 누가 봐도 실패한 인생을 살고 있는 결점투성이의 젊은이들이 그러한 기적을 일으킨 주인공이란 점이 더욱 의미 있다. 히가시노 게이고는 이런 인물들을 등장시킨 이유에 대해 이렇게 말한다. “남의 고민을 상담해주는 일은 대개 분별력 있고 지식이나 경험이 많은 분이 해야 하는 것이지요. 하지만 일부러 미숙하고 결점투성이인 젊은이들로 했습니다. 타인의 고민 따위에는 무관심하고 누군가를 위해 뭔가를 진지하게 생각해본 일이라고는 단 한 번도 없었던 그들이 과거에서 날아온 편지를 받았을 때 어떻게 행동할까, 우선 나부터 무척 궁금했습니다.”히가시노 게이고가 품었던 궁금증의 해답은 작품 속에 자연스럽게 녹아 있다. “뭔가 설명은 잘 못하겠지만…….” 고헤이가 우물우물 말했다.“지금까지 살아오면서 오늘 밤 처음으로 남에게 도움 되는 일을 했다는 실감이 들었어. 나 같은 게. 나 같은 바보가.”_본문 330쪽이렇게 사회적 관심에서 소외되어 있던 인물들이 타인과의 관계를 통해 서서히 변해가는 과정은 그 자체로만으로도 큰 감동을 선사한다.    ■ 히가시노 게이고가 들려주는 가슴 훈훈한 이야기살다보면 한번쯤은 마주하게 되는 어려운 선택의 문제 나미야 잡화점은 다소 장난스러운 고민도 진지하게 상담해주는 것으로 유명세를 탄다. 이를테면, 백 점을 맞고 싶은데 어떻게 해야 하냐고 고민 상담하는 꼬마에게는 선생님께 부탁해서 ‘자신에 관한 시험’을 치르라고 충고한다. 어떻게 보면 재치 문답 같기도 하지만 이 답장 편지는 나중에 가서 큰 힘을 발휘한다. 첫 번째 등장하는 고민 상담자는 살날이 얼마 안 남은 연인 때문에 괴로워하는 어느 운동선수이다. 올림픽 출전이 꿈이었는데 그것을 포기하고 간병에만 전념해야 할지 고민한다. 두 번째 상담자는 대대로 내려오는 가업인 생선 가게를 포기하고 학업도 중단한 채 음악 외길을 걸어가는 어느 아마추어 뮤지션이다. 병으로 쓰러진 아버지를 대신해 자신의 꿈을 포기하고 가업을 이어야 할지를 고민한다. 상담을 해주는 입장이던 잡화점 할아버지의 이야기가 세 번째로 펼쳐지고, 사업에 실패해 야반도주하려는 부모에게 실망한 중학생이 또 다른 고민 편지를 보낸다. 마지막으로, 고아인 자신을 돌봐준 분들에게 은혜를 갚기 위해 부자가 되고 싶은 꿈을 간직한 새내기 직장 여성이 어떻게 하면 그 꿈을 이룰 수 있는지를 묻는다. 이와 비슷한 고민은 우리 누구에게나 있다. 사랑을 택할 것인가, 꿈을 택할 것인가. 안정적인 미래를 택할 것인가, 불안하지만 좋아하는 일을 계속할 것인가 등등 살다보면 한번쯤은 마주하게 되는 어려운 선택의 문제인 것이다. 그런 점에서 이 책이 우리에게 전하는 메시지는 결코 가볍지 않다. 무엇보다 인생의 지도에서 내일에 대한 희망을 잃지 말고 자신의 길을 찾으라는 메시지는 우리로 하여금 깊은 생각에 잠기게 한다.사람 간의 관계를 되돌아보다“여러분이라면 어떤 고민을 상담하시겠습니까? 나라면 이웃과의 사이를 좋게 하는 방법을 상담하겠습니다.” 히가시노 게이고가 이 책의 한국어판 출간에 앞서 보내온 자필 메시지다. 이 물음은 우리 사회가 그만큼 각박해져 있다는 사실을 다시 한 번 상기시킨다. “인간은 혼자서는 살아갈 수 없고, 서로가 서로를 받쳐주며 살아가는 것이라고 새삼 느끼게 해주었다”고 후기를 올린 어느 독자의 말처럼 잊고 있던 ‘사람 간의 정’이라든가 ‘타인과의 관계’를 되돌아보게 만드는 작품이기에 더욱 특별하게 다가온다.    "
윤태영,"      ‘대통령의 말’과 함께 살아온 10년500여 권의 휴대용 포켓수첩, 100권의 업무노트, 그리고 1,400여 개의 한글 파일,‘대통령의 말하기’로 다시 태어나다!-대한민국 최고의 연설가 노무현 대통령이 전하는 궁극의 말하기 원칙노무현 대통령은 자신의 생각을 ‘말하기’를 통해 정리했다. 머릿속 생각을 사람들에게 이야기하는 과정에서 팩트(fact)는 교정되었고 구성은 정교해졌다. 비유가 풍부해졌고 논리도 진화했다. 지근거리에서 보좌하는 참모들은 동일한 내용의 이야기가 수많은 버전으로 탄생하며 진화하는 과정을 지켜볼 수 있었다. 그 핵심에 ‘윤태영’이 있었다. 참여정부 시절 노무현 대통령을 그림자처럼 수행하며 ‘대통령의 복심’, ‘대통령의 입’, ‘노무현의 필사’ 등 권력의 핵심으로 불렸던 윤태영 전 청와대 대변인은 2000년부터 2009년까지 10년 정도의 세월을 노무현의 말과 함께 살았다. 특히 2003년부터 2007년까지는 대통령인 그의 말을 받아 적는 것이 직업이었다. 조찬과 오전회의, 오찬과 오후회의, 그리고 만찬에 이르기까지 일상적인 나날이 기록의 연속이었다. 대변인 시절까지 포함하여 노무현의 말을 기록했던 10년, 업무노트 100여 권, 작은 포켓수첩 500여 권, 그리고 한글파일 1,400여 개가 생성되었다. 그것이 모두 ‘대통령 노무현의 말’이었다. 《대통령의 말하기》(위즈덤하우스 刊)는 그 방대한 자료에서 집약한 노무현 대통령의 말하기 원칙과 노하우를 담고 있다. 저자 윤태영은 이 책을 통해 노무현 대통령이 어떻게 말했고, 또 말을 위해 얼마나 치열한 고심을 거듭했는지를 실감 나는 예화와 함께 보여준다. 총과 칼이 아닌 ‘말’로써 사람들의 마음을 움직인 노무현 대통령의 말하기 노하우를 23가지 원칙으로 정리한 저자는, 대화의 목적?대상?장소?상황에 맞는 대화법뿐만 아니라 말재주 없어도 편안하게 대화를 이어나갈 수 있는 소통하는 말하기의 진수를 제대로 배울 수 있게 도와준다. 말을 잘하려는 사람, 말로 사람의 마음을 움직이려는 사람, 말로 세상을 바꾸려는 사람 들에게 훌륭한 지침서가 되어줄 것이다.    "
닉 수재니스,"천재적 사유와 독보적 드로잉의 만남경계를 허무는 다양한 관점의 교차 ‘비주얼 싱킹’의 완벽한 모델 크리스토퍼 놀란 감독의〈인터스텔라〉가 남긴 여운은 아직도 선명하다. 놀랍도록 세심하게 표현된 블랙홀, 고대 세계를 상상하게 하는 만 행성과 밀러 행성, 웜홀을 통한 행성 간 이동, 그리고 이에 따라 발생하는 시간차 등은 과학 이론에 바탕을 두고 있지만, 동시에 영화적 상상력의 극대치를 보여준다. 그중 백미는 이 영화의 기술자문을 맡은 천재 과학자 킵 손도 경탄해 마지않았던 5차원 공간. 지금까지 누가 영화에서 5차원의 공간을 표현하려고 했던가. 머릿속으로 떠올리기조차 쉽지 않았던 5차원의 세상을 시각화함으로써 영화는 우리의 시야를 기존의 시공간 너머 세계로 확장한다. 이처럼〈인터스텔라〉가 과학과 픽션의 경계를 넘나들며 풍부한 상상력으로 고차원 세계를 보여준 영화라면, 닉 수재니스Nick Sousanis의《언플래트닝, 생각의 형태》(원제 Unflattening)는 언어와 이미지를 중첩시키며 완전히 새로운 ‘시각적 사고Visual Thinking’ 실험을 선보이는 책이다. 오랫동안 언어는 사유의 주요 수단으로 특권적 지위를 누려온 반면, 이미지는 언어의 보조 수단 정도로 인식되어온 것이 사실이다. 하지만 “사유의 수단이 우리의 시야를 규정한다”라는 문제의식에서 출발한 이 책은 사유의 수단으로서 텍스트에 의존하게 되면서 언어 바깥에 있는 것들이 얼마나 무시되어왔는지를 추적한다. 그리고 언어가 만들어낸 ‘인위적 한계’ 너머의 가능성을 드러내기 위해 문자와 이미지를 ‘만화’라는 형식 안에서 ‘동등하게’ 활용하면서 두 요소가 ‘동시에’ 의미를 만들어내는 과정을 완벽하게 재현한다. 저자에 따르면 우리의 생각과 경험, 삶에 견고한 형식을 부여해주기 위해 인간이 고안한 온갖 도구와 개념, 제도 등이 “인간의 사고와 행동을 일차원적으로 만드는 메커니즘”으로 변모해 거꾸로 인간의 무한한 가능성을 가로막고 있다. 이 책은 이처럼 경직되고 협소한 일차원적인 것을 총칭해 ‘단조로움flatness’이라 하고, 인간의 잠재적 에너지와 생기, 인간성 등을 회복하기 위해서는 다양한 관점을 동원해 새로운 방식으로 대상을 바라보는 시각이 필요하다고 역설한다. 즉 하나의 관점에 매몰되지 않는 입체적 관점, ‘언플래트닝unflattening’이 바로 그것이다. 이 책은 현재 샌프란시스코 주립대 인문학부 교수이자 만화가인 저자의 박사학위 논문을 바탕으로 한다. 발표 즉시 ‘통념과 상식을 뛰어넘는 실험적 시도’라는 평가를 받으며 ‘컬럼비아 대학 최초로 논문 심사를 통과한 만화’ 형식의 이 책은 이후 ‘하버드 대학이 출간한 최초의 만화 철학책’이라는 타이틀을 거머쥐며 학계와 만화계뿐 아니라 다양한 매체와 평단의 호평을 받았다. 철학, 과학, 문학, 예술, 신화 등 다양한 지식 분야를 아우르는 융합의 시선은 강렬하고 역동적인 이미지를 만나 깊고 넓은 풍경을 만들어내면서 독자로 하여금 이 책을 읽는 행위 자체만으로 새로운 인식 차원과 지식 형태를 경험하게 한다.    "
